customer_id,name,age,gender,region,income,is_churned,total_orders,total_spent,avg_order_value,first_order_date,last_order_date
1000,Lindsey Hernandez,56,Male,West,81832,0,1,3990,3990,2023-11-05,2023-11-05
1001,Lauren Gutierrez,69,Male,East,65486,0,3,14557,4852,2023-11-26,2025-07-22
1002,Sharon Torres,46,Female,West,27209,0,2,3335,1667,2023-10-29,2025-03-16
1003,Michael Fitzpatrick,32,Male,East,42736,0,4,8204,2051,2024-01-16,2025-01-01
1004,Frank Rodriguez,60,Male,South,69003,0,2,9729,4864,2024-12-22,2025-02-15
1005,Krista Jacobs,25,Male,West,49573.3111111111,1,1,2861,2861,2024-03-06,2024-03-06
1007,Joseph Mayo,56,Male,East,61619,0,2,4192,2096,2023-09-25,2023-12-20
1008,Andrew Herrera,36,Female,West,36096,0,5,12484,2496,2023-10-01,2024-02-11
1009,Kevin Jackson,44.2933333333333,Male,East,49107,0,4,12503,3125,2023-08-10,2025-06-01
1010,Mr. Matthew Garcia,28,Male,West,1380,0,3,8169,2723,2023-09-17,2025-04-24
1011,Alexis Miller,28,Male,East,34634,0,3,7443,2481,2024-10-27,2024-12-03
1013,Dr. Laura Sullivan,53,Male,West,31283,0,6,14550,2425,2023-09-13,2024-11-09
1014,Karen Robinson,57,Male,North,74486,1,3,13170,4390,2024-05-18,2024-09-15
1015,Kristie Torres,41,Male,North,28547,0,4,7816,1954,2024-05-03,2024-11-26
1016,Erin Jones,20,Female,East,43399,1,4,21735,5433,2023-10-22,2024-04-30
1017,Penny Cook,39,Male,South,51961,1,2,3788,1894,2024-03-01,2025-01-24
1018,Brian Boyle,44.2933333333333,Female,North,71619,0,3,17807,5935,2024-03-14,2024-11-03
1019,Dawn Johnson,41,Female,North,28462,0,6,15496,2582,2023-09-24,2025-07-12
1020,Dr. Rebecca Thomas,61,Male,North,67447,0,2,11041,5520,2024-07-01,2025-05-15
1021,Tabitha Pope,47,Male,South,50153,1,6,25262,4210,2023-08-03,2024-01-23
1022,Eric Casey,55,Female,South,35277,0,6,27824,4637,2023-12-29,2024-12-14
1023,Jonathan Grant,19,Female,North,56931,0,5,13853,2770,2024-03-17,2025-07-26
1024,Wendy House,38,Female,South,52985,1,5,17385,3477,2023-11-12,2025-05-28
1025,Jeffrey Miller,50,Male,South,40996,0,5,23160,4632,2024-02-02,2025-02-08
1026,Amanda Santana,29,Male,South,51047,0,8,23073,2884,2024-04-11,2025-04-11
1027,Jessica Waters,44.2933333333333,Female,West,44220,0,1,1332,1332,2023-11-06,2023-11-06
1028,Carol Williams PhD,61,Male,North,49573.3111111111,0,5,22022,4404,2024-07-25,2025-02-13
1029,Richard Smith,42,Male,South,59931,0,4,20889,5222,2023-12-05,2024-07-20
1030,Debbie Garcia,66,Female,West,73790,0,4,16425,4106,2024-05-17,2025-04-08
1031,Donna Carr,44,Male,East,31432,0,6,12980,2163,2023-10-10,2025-02-18
1032,Donald Clements,59,Female,East,49573.3111111111,1,4,16509,4127,2023-08-01,2024-02-12
1033,Claudia Ford,45,Female,South,20718,0,4,12051,3012,2024-08-01,2025-07-17
1034,David Randolph,44.2933333333333,Female,North,47723,1,6,15653,2608,2024-05-09,2025-05-23
1035,Carolyn Woodard,32,Male,South,58824,1,3,12198,4066,2023-10-12,2024-11-05
1036,Amanda Kramer,64,Female,East,54214,0,1,3779,3779,2025-01-24,2025-01-24
1037,Chelsea Bennett,68,Male,North,49573.3111111111,0,8,23659,2957,2023-10-09,2025-04-14
1038,Brittney King,61,Female,North,46878,0,2,3689,1844,2024-12-05,2025-03-21
1039,Tyler Murphy,69,Male,East,42604,0,6,25144,4190,2023-10-23,2025-07-17
1040,Charles Black,20,Female,West,41159,0,7,20818,2974,2023-08-06,2024-12-06
1041,Oscar Jones,54,Female,West,62744,0,7,12634,1804,2023-08-07,2025-05-25
1042,Sandra Simmons,44.2933333333333,Male,South,55355,0,2,3074,1537,2024-04-01,2025-04-11
1043,Matthew Taylor,24,Male,North,39606,1,5,13137,2627,2024-01-03,2024-11-04
1044,Heather King,38,Male,South,63493,0,3,14948,4982,2024-04-21,2025-07-27
1045,Joseph Kelly,26,Male,North,54609,0,2,4954,2477,2023-12-27,2025-05-28
1046,Miranda Andrews,56,Female,East,62192,0,7,19505,2786,2023-12-10,2025-04-23
1047,Christopher Gomez,35,Male,North,59444,1,4,9904,2476,2023-09-11,2024-12-29
1048,Douglas Johnson,44.2933333333333,Male,North,37565,0,3,3940,1313,2023-10-08,2025-04-07
1049,Jeremy Greene,42,Male,East,41597,1,3,10143,3381,2024-04-08,2025-05-27
1050,Ronald Mitchell,31,Female,West,61209,0,2,3841,1920,2023-09-21,2025-07-21
1051,Angela Harris,67,Female,East,59155,0,4,19189,4797,2024-01-25,2025-06-03
1052,James Frost,26,Female,West,49686,0,4,14441,3610,2024-03-14,2025-05-17
1053,James Robinson,43,Female,East,51759,0,2,8497,4248,2023-10-23,2024-10-27
1054,Sierra Hill,19,Male,North,69164,0,3,8829,2943,2024-04-14,2024-04-26
1055,Kerri Mullen,37,Female,West,41126,0,5,12535,2507,2024-01-08,2025-07-27
1056,Karen Robinson,45,Female,West,58206,0,6,16882,2813,2023-09-13,2025-07-27
1057,Tonya Johnson,64,Male,North,46967,1,3,12123,4041,2023-09-12,2025-05-16
1058,James Adams,24,Female,West,46734,0,7,31702,4528,2023-09-07,2025-02-08
1059,Leah Lin,61,Male,East,66481,1,1,1309,1309,2023-11-09,2023-11-09
1060,Kimberly Cook,25,Male,West,62381,0,5,17099,3419,2023-09-11,2025-04-20
1061,Daniel Rose,64,Male,South,62202,0,1,928,928,2023-11-20,2023-11-20
1062,Rachel Myers,52,Male,West,69582,0,6,23374,3895,2023-11-22,2024-11-09
1063,Matthew White,31,Female,South,50315,0,3,7263,2421,2023-08-08,2025-07-12
1064,Erica Williams,34,Female,East,60229,0,6,22580,3763,2023-11-12,2025-06-07
1065,William Rhodes,53,Female,West,45345,0,4,8199,2049,2024-02-07,2025-05-20
1066,Louis Miller,44.2933333333333,Male,West,54862,0,7,18364,2623,2023-09-14,2025-03-01
1067,Shannon Wood,57,Female,West,48047,0,3,12403,4134,2023-10-24,2025-01-05
1068,Lori Martinez,21,Male,East,51454,0,6,11757,1959,2024-03-12,2025-06-10
1069,Kyle Thomas,19,Male,East,58927,1,3,5811,1937,2023-09-12,2025-05-08
1070,Joshua Stevens,23,Male,South,37726,0,9,27001,3000,2024-01-13,2025-04-01
1071,Kim Duncan,59,Female,North,81385,0,5,13785,2757,2023-12-15,2025-01-23
1072,Alyssa Kim,21,Female,East,34909,0,3,11552,3850,2023-08-18,2024-09-29
1073,Andrea Smith,46,Female,West,31787,0,7,25200,3600,2023-08-21,2025-03-22
1074,Jacob Garcia,35,Male,South,67371,0,4,14141,3535,2023-08-02,2024-08-02
1075,Joshua Martin,43,Male,West,61874,0,5,21485,4297,2023-09-02,2025-03-18
1076,Randy Moran,61,Female,West,59361,0,5,11521,2304,2024-05-25,2025-06-19
1077,Darrell Nelson,51,Male,East,59425,0,3,2693,897,2024-01-15,2025-03-06
1078,Margaret Chapman,27,Female,North,49816,0,7,15093,2156,2023-12-02,2025-02-11
1079,Gabrielle Munoz,53,Female,West,36541,0,4,7171,1792,2024-09-08,2025-06-26
1080,Daniel Mendez,31,Female,West,49573.3111111111,0,5,10858,2171,2024-04-13,2024-07-23
1081,Russell Russell,48,Male,South,39842,1,5,15955,3191,2023-12-26,2025-06-28
1082,Yolanda Banks,44.2933333333333,Female,West,64626,0,3,5389,1796,2024-01-16,2025-02-25
1083,Michael Prince,32,Male,South,47794,0,3,20009,6669,2024-02-09,2025-07-19
1084,Erin Fuller,25,Male,East,37617,1,3,9297,3099,2023-09-10,2024-09-01
1085,Lindsay Mitchell,31,Female,East,45179,1,1,3098,3098,2025-01-14,2025-01-14
1086,Richard Howe,40,Female,East,56193,0,2,7167,3583,2023-12-19,2024-10-15
1087,Paul Patel,57,Female,East,41544,0,3,6069,2023,2023-11-08,2025-02-07
1088,Mary Boyer,38,Female,East,37666,1,4,13107,3276,2023-12-11,2025-05-27
1089,Tony Mcguire,33,Male,North,53655,0,8,15292,1911,2023-10-16,2025-06-11
1090,Tony Fisher,62,Male,South,53674,1,2,7575,3787,2025-02-15,2025-07-29
1091,Belinda Acosta,35,Female,North,42395,0,1,4886,4886,2024-09-17,2024-09-17
1092,Michele Davidson,64,Male,West,42934,0,6,21041,3506,2024-01-06,2025-07-12
1093,Jennifer Arnold,41,Male,West,53480,0,2,6820,3410,2023-08-18,2025-02-21
1094,Norma Patton,43,Male,West,28278,0,2,5716,2858,2023-12-06,2024-01-29
1095,Samantha Flores,42,Male,South,28888,1,5,18319,3663,2024-06-23,2024-12-27
1096,Timothy Maxwell,62,Male,West,39223,1,2,5932,2966,2024-03-22,2024-09-29
1097,Christopher Scott MD,58,Female,West,46798,0,3,7074,2358,2023-08-21,2025-05-04
1098,Michael Miller,46,Male,West,49573.3111111111,0,4,10556,2639,2023-12-02,2025-03-12
1099,Joan Hogan,32,Female,North,72130,1,3,6819,2273,2023-11-17,2024-03-25
1100,Mary Mendez,62,Female,North,62864,0,1,1838,1838,2025-03-23,2025-03-23
1101,Bryan Freeman,18,Female,East,47600,0,2,6920,3460,2024-02-02,2024-11-06
1102,Misty Taylor,42,Female,South,49714,0,5,13904,2780,2023-08-03,2025-04-10
1103,Julie Church,24,Male,West,34962,0,3,9599,3199,2023-09-21,2025-02-04
1104,William Meyer,26,Male,South,49722,0,4,13509,3377,2024-03-05,2025-02-08
1105,Dr. Karla Walker DDS,41,Female,East,45670,0,3,8615,2871,2023-09-25,2025-04-03
1106,Scott Chambers,18,Female,West,54840,0,3,8074,2691,2024-09-02,2025-05-11
1107,Matthew Anderson,61,Male,West,37591,1,1,1025,1025,2024-03-16,2024-03-16
1108,Erin Vazquez,25,Female,East,57790,0,3,10510,3503,2024-05-17,2024-12-03
1109,Jennifer Weiss,44.2933333333333,Female,West,72991,0,3,9797,3265,2024-03-24,2025-06-17
1110,Monique Sampson,28,Male,East,48368,0,6,11263,1877,2023-10-27,2025-06-05
1111,Melissa Perry,44.2933333333333,Female,East,49573.3111111111,0,3,2887,962,2024-02-16,2025-06-21
1112,Dwayne Schultz,34,Male,West,60352,0,2,4915,2457,2024-09-08,2025-07-04
1113,Stacey Hall,25,Female,East,43981,0,5,17334,3466,2024-05-23,2025-06-14
1114,Dr. Joshua Martinez,52,Male,East,49573.3111111111,0,4,7357,1839,2023-10-03,2024-04-28
1115,Rhonda Moore,52,Male,East,49573.3111111111,0,6,20074,3345,2023-11-30,2025-01-18
1116,Jonathan Hall,50,Female,South,51465,0,2,7688,3844,2023-11-04,2024-05-10
1117,Robert Fisher,22,Male,North,38404,0,2,5548,2774,2024-07-11,2025-02-12
1118,Russell Moore,59,Male,South,50367,0,1,3929,3929,2024-02-03,2024-02-03
1119,Jennifer Bell,56,Female,East,57469,0,5,18515,3703,2023-08-19,2025-03-17
1120,Jennifer Jones MD,58,Male,North,71767,0,5,16598,3319,2023-09-28,2025-04-10
1121,Jody Valdez,45,Male,South,64389,0,5,17640,3528,2023-11-08,2025-07-15
1122,Jesse Lopez,24,Female,South,82297,1,3,8319,2773,2024-07-29,2024-08-23
1123,Robert Montgomery,26,Female,South,38489,1,7,18645,2663,2023-11-23,2025-06-08
1124,Sheryl Rice,25,Male,West,63084,0,5,11507,2301,2023-11-30,2025-06-21
1125,Virginia Brown,29,Male,East,52750,0,2,4826,2413,2023-08-28,2023-10-28
1126,Melanie Rodriguez,51,Female,East,82847,0,5,12393,2478,2023-12-19,2025-04-05
1127,Scott Herrera,50,Female,North,49573.3111111111,1,3,12144,4048,2023-10-09,2025-05-25
1128,Lisa Moore,65,Male,South,37404,0,3,9840,3280,2024-03-05,2024-12-01
1129,Nichole Vasquez,40,Male,East,41009,0,3,5851,1950,2024-08-22,2025-02-27
1130,Benjamin Adams,41,Male,South,18141,0,4,14676,3669,2023-11-22,2025-06-01
1131,Christopher Johnson,54,Male,East,42113,0,4,6471,1617,2023-09-28,2024-12-30
1133,Christina Alvarez,61,Female,East,52255,0,3,19160,6386,2023-10-31,2025-03-20
1134,Joe Hughes,57,Male,North,49573.3111111111,0,1,6234,6234,2023-09-15,2023-09-15
1135,Mario Norris,39,Male,South,78142,0,5,24769,4953,2023-09-28,2025-06-08
1136,Jamie Bryant,44,Male,East,64256,0,4,11909,2977,2023-09-03,2024-08-06
1138,Natalie Jones,18,Male,North,49573.3111111111,0,1,2691,2691,2023-11-04,2023-11-04
1139,Brandon Hunter Jr.,52,Female,East,49573.3111111111,1,7,18284,2612,2024-03-19,2025-07-26
1140,Terry Barnett,54,Female,South,30196,0,6,20787,3464,2023-12-28,2025-07-03
1141,Richard Hoffman,64,Male,West,77471,0,2,1438,719,2025-02-12,2025-06-10
1142,Sarah Adams,31,Male,West,67691,1,3,6635,2211,2023-11-27,2025-04-08
1143,Megan Mueller,44.2933333333333,Female,North,42962,0,1,448,448,2023-09-22,2023-09-22
1144,Lori Freeman,18,Female,West,24302,0,3,13236,4412,2024-02-24,2025-07-22
1145,Mark Johnson,22,Female,West,70308,0,6,18155,3025,2023-10-04,2024-10-29
1146,Catherine Gallagher,43,Female,West,48281,1,7,23994,3427,2023-07-31,2025-04-17
1147,Brenda Maddox,31,Female,West,68567,0,7,24510,3501,2024-02-03,2025-03-08
1148,Mark Boyd,56,Male,East,49573.3111111111,1,8,29104,3638,2023-08-20,2025-06-24
1149,Jordan Carr,44,Male,South,41009,0,1,1960,1960,2024-07-06,2024-07-06
1150,Sandra Cooper,44.2933333333333,Male,North,50078,0,3,3862,1287,2023-10-13,2025-02-27
1151,Paul Cantrell,32,Male,East,50704,0,4,8244,2061,2024-02-29,2025-02-14
1152,Heather Scott,32,Female,West,43249,0,5,13018,2603,2023-09-12,2024-09-22
1153,Elizabeth Hendricks,43,Male,North,59342,0,6,13752,2292,2024-01-30,2025-07-15
1154,Chelsey White,59,Male,North,49573.3111111111,0,6,14008,2334,2023-10-23,2025-02-19
1155,Teresa Fleming,30,Male,West,47864,1,3,10182,3394,2024-04-20,2024-12-22
1156,Sylvia Hernandez,68,Male,West,51804,0,1,3988,3988,2024-09-15,2024-09-15
1157,Katherine Brown,49,Male,North,57716,0,5,18138,3627,2023-09-22,2024-12-03
1158,Michael Wiggins,56,Male,North,60674,0,9,22177,2464,2023-12-30,2025-07-21
1159,Michael Edwards,66,Male,South,33130,0,3,6644,2214,2023-12-16,2025-02-26
1160,Patrick Rodriguez,69,Male,South,26988,0,8,27328,3416,2023-11-30,2025-01-30
1161,Thomas Moon,49,Male,West,49573.3111111111,0,2,8219,4109,2025-07-03,2025-07-06
1162,Rodney Gordon Jr.,21,Female,North,54984,0,2,7026,3513,2024-07-14,2025-04-24
1163,Billy Walter,47,Male,South,38772,0,7,12288,1755,2023-09-24,2025-02-18
1164,Alexander Davis,54,Male,North,73267,0,5,17832,3566,2023-12-03,2024-12-07
1165,Mr. Steven Blanchard,40,Female,West,49573.3111111111,1,4,8696,2174,2023-11-18,2025-05-17
1166,Randy Gonzalez,56,Female,South,67689,1,4,10833,2708,2023-08-03,2025-03-16
1167,Laurie Bailey,62,Male,West,51012,0,6,18054,3009,2023-12-22,2025-06-13
1168,Steven Thomas,32,Male,West,80911,0,5,16654,3330,2023-09-28,2024-12-24
1169,Zachary Jordan,60,Female,West,76330,0,5,18144,3628,2024-04-01,2025-05-17
1170,Mike Carson,46,Male,East,46265,0,5,16950,3390,2023-08-14,2024-08-31
1171,Crystal Baker,53,Female,West,64573,0,3,16875,5625,2024-07-03,2025-06-02
1172,Kathy Mcdaniel,30,Female,East,59680,0,4,13003,3250,2023-10-31,2025-06-25
1173,Michael Morris,49,Male,North,70529,0,7,21901,3128,2023-08-08,2025-04-09
1174,Beverly Hicks,24,Male,North,35526,0,3,11045,3681,2024-10-04,2025-01-20
1175,Erin Craig,68,Male,South,60290,0,2,3157,1578,2023-08-25,2023-10-08
1176,Mario Richards,39,Female,South,65876,0,7,21600,3085,2024-04-01,2025-02-02
1177,Sean Patterson,45,Female,East,23618,0,4,16988,4247,2024-11-17,2025-04-30
1178,Donna Gray,44.2933333333333,Female,North,32251,1,4,7358,1839,2023-10-21,2025-07-27
1179,Debra Russell,44.2933333333333,Female,South,19411,0,5,7176,1435,2023-09-21,2025-06-08
1180,Caitlin Schroeder,62,Female,South,45958,0,6,17807,2967,2023-08-24,2025-06-29
1181,Matthew Barnett,44.2933333333333,Male,South,60763,0,3,3423,1141,2023-08-21,2024-04-13
1182,Thomas Ryan,45,Male,North,72535,1,2,3957,1978,2024-03-07,2024-10-09
1183,Eric Gilbert,45,Male,South,51111,0,1,3049,3049,2025-02-05,2025-02-05
1184,Alexander Kemp,61,Female,North,74429,0,3,4926,1642,2025-02-24,2025-05-02
1185,Kendra Ferguson,61,Female,West,29298,1,8,24964,3120,2023-10-09,2025-06-05
1186,James Sanchez,37,Male,West,49573.3111111111,0,3,7863,2621,2023-08-24,2024-07-15
1187,Larry Stephenson,47,Male,West,49573.3111111111,0,5,16499,3299,2023-09-10,2025-04-23
1188,Laura Gomez,28,Male,East,55760,0,8,20614,2576,2023-10-06,2025-06-10
1189,Joshua Hernandez,44.2933333333333,Male,North,49509,0,4,22956,5739,2023-08-26,2025-03-29
1190,Ana Barnett,42,Female,South,18988,0,4,15607,3901,2024-01-14,2024-07-15
1191,Shawn Jones,56,Male,East,48663,0,7,12220,1745,2024-01-24,2025-02-21
1192,Ronald Wheeler,50,Female,West,30432,0,6,36729,6121,2023-10-13,2025-07-12
1193,Megan Terrell,18,Male,West,60045,0,1,350,350,2023-11-05,2023-11-05
1194,Glenn Smith,44,Female,North,55498,0,4,14632,3658,2024-03-20,2025-04-29
1195,Melissa Schmidt,69,Female,South,35901,0,4,11268,2817,2024-02-07,2025-01-30
1196,Benjamin Powell,44.2933333333333,Male,East,42291,0,4,10991,2747,2023-08-19,2024-12-15
1197,Amanda Morrison,58,Male,South,34111,1,4,8753,2188,2024-01-14,2025-04-02
1198,Dylan Mcbride,20,Female,West,49059,0,4,11066,2766,2024-02-20,2025-02-10
1199,Justin Hill,56,Male,North,64327,0,1,1702,1702,2024-10-03,2024-10-03
1200,Jacqueline Taylor,23,Male,South,35214,0,1,6117,6117,2024-10-27,2024-10-27
1201,Laurie Mercado,44.2933333333333,Male,South,57560,0,4,11976,2994,2023-10-04,2025-01-31
1202,Alyssa Wilson,44.2933333333333,Male,East,42046,0,5,17452,3490,2024-04-18,2025-05-20
1203,Joshua Williams,26,Male,West,38106,0,5,19614,3922,2023-08-12,2025-06-28
1204,Richard Murphy,54,Male,North,49573.3111111111,0,3,3735,1245,2024-09-06,2025-07-21
1205,Megan Little,50,Female,North,34471,0,7,16920,2417,2024-03-12,2025-07-06
1206,Stephen Hanson,68,Female,South,41695,0,1,1348,1348,2024-03-16,2024-03-16
1207,Carly Edwards,44.2933333333333,Female,East,32031,0,6,11182,1863,2024-01-28,2025-05-31
1208,Dawn Johnson,44.2933333333333,Male,West,79470,0,1,1926,1926,2024-01-20,2024-01-20
1209,Adam Walker,41,Female,West,50528,0,4,14834,3708,2023-10-02,2025-01-01
1210,Kim Logan,32,Male,North,39504,0,4,8778,2194,2024-07-17,2025-01-21
1211,Jaime Wheeler,49,Male,West,53209,0,5,20875,4175,2024-08-05,2025-07-02
1212,Omar West,49,Female,East,48315,0,6,11077,1846,2023-10-11,2025-05-07
1213,Joe Thompson,41,Male,West,46685,0,7,27694,3956,2023-08-21,2025-06-24
1214,Scott Carney,58,Female,East,49573.3111111111,0,6,11255,1875,2023-10-05,2025-04-24
1215,Sean Martinez,69,Female,West,61362,1,2,2709,1354,2023-10-21,2024-08-31
1216,David Harris,66,Female,West,42042,0,4,15159,3789,2023-07-31,2025-07-24
1217,Christina Ray,66,Female,North,41362,0,3,4172,1390,2023-12-15,2024-01-29
1218,Michael Thompson,69,Female,North,45874,1,5,5401,1080,2024-02-01,2025-03-30
1219,Brittany Paul,29,Female,West,15471,0,3,3677,1225,2023-08-08,2024-12-14
1220,Thomas Garcia,56,Male,East,27272,0,6,13010,2168,2024-02-20,2025-04-08
1221,Jessica Koch,44.2933333333333,Male,East,70503,0,2,2667,1333,2024-01-31,2024-08-08
1222,Christine Burke,20,Female,North,74674,0,1,2439,2439,2024-12-02,2024-12-02
1223,Jason Krueger,66,Male,North,46264,0,5,9214,1842,2023-09-28,2025-06-19
1224,Kim Rodriguez,54,Male,South,58648,0,5,12742,2548,2023-10-18,2025-07-24
1225,Jose Taylor,66,Male,North,54668,0,5,15708,3141,2024-01-21,2025-05-13
1226,Derrick Walters,34,Female,East,96183,0,5,8699,1739,2023-08-23,2025-02-26
1227,Jacqueline Murray,66,Male,North,66793,0,5,23298,4659,2024-03-30,2025-07-01
1228,Travis Soto,19,Male,South,48081,0,7,14191,2027,2024-01-09,2025-07-24
1229,Mary Blackwell,44.2933333333333,Female,West,35666,0,5,12752,2550,2023-11-11,2025-04-12
1230,Matthew Olson,44.2933333333333,Male,West,25903,0,9,14595,1621,2023-08-10,2025-05-20
1231,Lynn Woodward,40,Male,East,53051,0,4,14240,3560,2023-11-19,2024-10-01
1232,Margaret Smith,54,Male,South,38654,0,7,22805,3257,2024-05-12,2025-03-11
1233,Henry Hurst,49,Male,West,28666,0,2,7109,3554,2023-11-09,2024-10-08
1234,Bruce Wilson,44.2933333333333,Male,West,40301,0,5,21617,4323,2023-12-23,2025-07-19
1235,Sharon Salazar,18,Male,North,33776,0,4,9282,2320,2023-12-24,2025-05-07
1236,Connor Gonzalez,36,Male,West,75307,0,4,8971,2242,2023-09-13,2025-04-08
1237,James Jacobs,19,Female,East,49573.3111111111,0,5,16308,3261,2023-11-22,2025-02-14
1238,Martin Benson,61,Male,West,49880,0,3,7029,2343,2024-01-21,2025-07-07
1239,Michael Romero,44.2933333333333,Male,East,72199,0,3,10557,3519,2023-12-10,2024-09-15
1240,Michael Gonzales,49,Male,East,51160,0,5,14088,2817,2024-01-09,2024-11-05
1241,Mark Ware,23,Male,North,37080,0,5,11648,2329,2024-01-18,2025-07-21
1242,Donald Smith,49,Female,South,72846,0,5,11367,2273,2023-09-29,2025-07-14
1243,Christine Miller,21,Female,East,49573.3111111111,1,4,23258,5814,2023-10-09,2024-08-28
1244,Matthew Blevins,28,Female,West,34441,0,4,8741,2185,2023-08-15,2025-02-13
1245,Stephanie Rush,34,Male,West,47144,1,6,21659,3609,2023-08-02,2024-09-19
1246,Samantha Sanchez,55,Female,East,49573.3111111111,1,2,3621,1810,2023-09-13,2024-12-08
1247,Carl Woodard,41,Male,West,29258,0,3,9387,3129,2023-09-08,2024-11-09
1248,Terry Miller,22,Female,West,63892,0,2,4564,2282,2023-10-16,2024-08-03
1249,Paula Robertson,69,Female,West,78641,0,1,4944,4944,2024-02-04,2024-02-04
1250,Nathaniel Hogan,51,Male,West,29021,1,3,9307,3102,2023-12-07,2024-11-16
1251,Carol Stewart,23,Female,East,58444,0,2,9275,4637,2023-08-15,2024-11-09
1252,Steven Mendoza,39,Female,East,49573.3111111111,1,3,5455,1818,2023-08-31,2024-11-16
1253,Jessica Stevenson,28,Female,East,42693,0,3,11629,3876,2024-11-07,2025-07-10
1254,Lori Smith,65,Male,North,41114,0,5,14331,2866,2023-07-31,2025-04-29
1255,Caroline Rivas,33,Male,West,37040,0,4,7680,1920,2023-12-11,2025-07-12
1256,Lisa Hill,50,Female,North,50727,0,4,7717,1929,2023-10-09,2025-02-11
1257,Jamie Smith,26,Male,West,37535,0,7,15274,2182,2023-08-09,2025-07-25
1258,Kimberly Harmon,23,Male,West,54056,0,6,12778,2129,2024-03-04,2025-06-15
1259,Scott Adams,33,Male,North,49246,1,7,24015,3430,2023-09-07,2024-11-25
1260,Michaela Tucker,46,Female,South,46415,0,4,11637,2909,2023-09-09,2024-12-10
1261,Benjamin Castro,20,Male,East,36386,0,3,12169,4056,2023-09-04,2024-02-16
1262,Julie Gardner,37,Female,West,41348,0,5,16183,3236,2024-01-15,2024-03-26
1263,Michelle Nolan,53,Male,West,61330,0,6,14880,2480,2023-08-02,2025-04-09
1264,Thomas Foley,36,Male,North,57513,0,2,6696,3348,2023-08-05,2023-08-23
1265,Matthew Evans,43,Female,South,35336,0,6,24290,4048,2023-11-13,2025-04-25
1266,Manuel Berry,20,Female,East,51489,0,3,6108,2036,2023-08-06,2025-02-16
1267,Sheila Vasquez,36,Male,South,61270,0,1,223,223,2023-08-20,2023-08-20
1268,Heather Bradley,37,Female,West,24958,0,6,26704,4450,2023-08-03,2025-06-01
1269,Angela Smith,49,Female,West,58150,0,8,25533,3191,2023-09-03,2025-06-08
1270,Kimberly Wolf,24,Male,West,40060,0,4,11326,2831,2023-10-30,2025-05-23
1271,Cheryl Hernandez,69,Female,North,58558,0,6,18227,3037,2023-08-15,2025-05-08
1272,Kelly Smith,58,Male,North,38551,0,4,14346,3586,2023-12-22,2024-12-29
1273,Angela Elliott,50,Male,West,22926,0,3,10924,3641,2023-11-27,2025-03-21
1274,Dawn Walker,57,Female,West,25586,0,3,7082,2360,2024-06-09,2025-04-14
1275,Jason Brown,56,Male,East,50721,0,4,11822,2955,2023-12-19,2024-12-02
1276,Brett Wheeler,35,Male,North,53895,1,4,9208,2302,2024-02-03,2025-07-28
1277,Tonya Robertson,57,Male,West,49573.3111111111,1,2,7253,3626,2023-08-09,2023-11-07
1278,Kristen Brandt,18,Female,North,59578,0,5,14761,2952,2023-11-16,2024-09-12
1279,Brent Williams,28,Female,South,25077,0,4,9530,2382,2023-09-08,2025-01-16
1280,Julie Kennedy,45,Male,North,49573.3111111111,1,3,8497,2832,2024-09-01,2025-05-13
1281,Denise Rodriguez,42,Female,West,31834,0,4,8487,2121,2023-09-30,2025-06-16
1282,Matthew Hudson,67,Male,North,40222,0,4,17090,4272,2023-10-11,2025-07-29
1283,Wayne Gay,40,Female,South,50710,0,6,7793,1298,2024-01-27,2025-07-10
1284,Joanne Taylor,48,Female,West,37093,0,3,17808,5936,2024-09-21,2025-06-13
1285,Amy Garcia,44.2933333333333,Female,West,44231,1,6,19540,3256,2023-12-24,2025-04-22
1286,Edward Patel,59,Male,East,65094,0,4,7158,1789,2023-08-15,2024-12-01
1287,Sharon Martinez,52,Male,West,41346,0,9,18832,2092,2023-09-02,2025-06-29
1288,Mrs. Deborah Johnson MD,24,Female,West,62535,0,5,17833,3566,2023-09-17,2025-07-04
1289,Sarah Williams,33,Female,West,33054,0,3,5654,1884,2024-05-30,2025-05-13
1290,Gabriel Collins,43,Male,South,49573.3111111111,1,4,6425,1606,2024-02-27,2025-06-29
1291,Stephanie Sexton,65,Male,West,71623,0,1,5501,5501,2025-03-27,2025-03-27
1292,Mrs. Ashley Mathews,69,Female,South,12925,0,4,12226,3056,2024-03-26,2024-12-21
1293,Mr. Alex Carlson,66,Male,West,38046,0,9,21472,2385,2023-12-02,2025-06-01
1294,Laura West,19,Female,South,58656,1,4,7924,1981,2023-10-01,2024-12-18
1295,Daniel Murillo,18,Male,West,49573.3111111111,0,5,10346,2069,2023-11-06,2025-06-01
1296,Robert Stout,65,Female,North,49573.3111111111,0,3,4580,1526,2023-12-02,2025-05-28
1297,Veronica Avery,44.2933333333333,Female,East,40940,0,3,8673,2891,2024-04-16,2024-09-01
1298,Alicia Christian,22,Male,West,51298,0,6,12807,2134,2023-09-14,2025-02-01
1299,Gabrielle Davidson,54,Male,West,47664,0,1,4343,4343,2024-03-20,2024-03-20
1300,Bridget Buck,49,Male,West,67516,0,4,9435,2358,2023-10-15,2025-03-17
1301,Mr. James Ali DDS,26,Male,North,53816,0,2,12678,6339,2023-08-24,2024-09-25
1302,Mackenzie Mcknight,58,Male,East,55064,0,2,9282,4641,2024-05-04,2025-04-19
1303,Brian Moore,52,Female,East,43821,0,4,6038,1509,2023-08-21,2024-11-14
1304,Judith Gonzalez,36,Male,West,42685,0,3,5295,1765,2024-10-20,2025-04-13
1305,Stephanie Ali,44.2933333333333,Female,South,43511,0,9,36360,4040,2023-08-11,2024-12-02
1306,Victoria Arnold,33,Male,West,55916,0,4,8942,2235,2023-11-23,2025-02-09
1307,Ronald Barajas,20,Male,West,43685,0,1,4677,4677,2024-12-01,2024-12-01
1308,Joseph Bray,37,Female,East,54346,0,6,14853,2475,2023-10-22,2024-09-06
1309,Timothy Nunez,41,Female,East,81131,0,5,15516,3103,2024-10-28,2025-05-11
1310,Ashley Walker,50,Male,West,49573.3111111111,0,4,7978,1994,2023-10-10,2024-10-19
1311,Brandon Taylor,41,Female,West,45109,1,4,16820,4205,2024-04-22,2024-10-08
1312,Michael Figueroa,69,Male,East,68018,0,5,8749,1749,2024-02-10,2025-02-19
1313,Randy Jones,28,Male,South,49573.3111111111,1,4,23398,5849,2024-01-01,2024-11-22
1314,Jason Brown,66,Male,South,19428,0,8,24250,3031,2023-08-18,2025-07-28
1315,Kathleen Jones,25,Female,West,34878,0,4,10019,2504,2024-01-29,2025-03-27
1316,Jordan Rose,53,Female,South,21938,0,4,21228,5307,2024-03-16,2024-10-07
1317,Noah Freeman,55,Male,West,44727,0,1,1993,1993,2024-08-12,2024-08-12
1318,Christopher Mcintosh,57,Male,North,50276,0,2,8174,4087,2023-12-08,2025-01-03
1319,Robert Foster,37,Male,East,75146,0,5,12089,2417,2023-11-07,2025-02-11
1320,Jeffrey Morgan,52,Male,West,54903,1,2,5378,2689,2024-01-14,2025-06-16
1321,Andrew Gregory,65,Female,West,49573.3111111111,0,4,9796,2449,2023-08-09,2024-12-13
1322,Collin Hess,42,Male,West,62441,1,2,7816,3908,2023-09-17,2024-03-23
1323,Garrett Williams,52,Male,South,16832,1,4,12036,3009,2024-04-22,2024-10-29
1324,Mr. Robert Wheeler,42,Female,West,53534,0,3,6083,2027,2024-01-06,2024-10-29
1325,Anne Ryan,46,Female,North,61562,0,3,6835,2278,2023-09-08,2025-05-29
1326,Jeffery Nguyen,35,Male,South,27821,0,3,10899,3633,2024-01-03,2025-04-01
1327,James Robinson,63,Female,East,67156,1,8,20225,2528,2023-08-14,2024-10-14
1328,Kelly Spencer,35,Male,North,49573.3111111111,0,8,26757,3344,2023-11-11,2025-07-17
1329,Dana Harvey,19,Male,West,43770,0,7,21192,3027,2023-08-08,2025-02-18
1330,John Combs,52,Female,North,59491,0,7,15931,2275,2023-10-17,2025-04-10
1331,Darlene Turner,44.2933333333333,Male,West,84060,1,4,15103,3775,2024-07-26,2025-06-29
1332,Harry Shannon,58,Female,North,49573.3111111111,0,2,4165,2082,2024-06-23,2025-01-25
1333,Margaret Smith,53,Male,South,53723,0,5,13266,2653,2023-10-06,2024-05-17
1334,Debra Brown,50,Male,West,43109,0,4,8799,2199,2024-03-08,2025-07-16
1335,Jeffery Hernandez,21,Female,South,37252,1,6,21500,3583,2023-08-12,2025-05-11
1336,Laurie Hernandez,50,Female,North,62455,0,5,11996,2399,2024-02-29,2024-12-07
1337,Thomas Barnes,44.2933333333333,Female,West,37158,0,2,10905,5452,2025-01-16,2025-04-29
1338,Denise Coleman,38,Male,East,51073,0,7,14777,2111,2023-11-12,2025-04-25
1339,Brenda Miller,65,Male,West,49573.3111111111,1,4,9775,2443,2023-09-25,2025-01-25
1340,William Thomas,37,Male,West,57184,0,4,8117,2029,2023-10-08,2025-07-03
1341,Brian Norris,25,Male,West,55004,1,3,8692,2897,2023-09-15,2024-07-14
1342,Anthony Jones,24,Female,East,65563,0,4,15305,3826,2023-09-22,2024-10-12
1343,Jenny Tran,20,Female,West,42349,0,5,12561,2512,2023-08-20,2024-12-16
1344,Lisa Taylor,34,Female,East,45951,0,6,20480,3413,2023-08-17,2025-03-26
1345,Zachary Mitchell,50,Male,West,35318,1,3,15479,5159,2023-10-15,2025-05-14
1346,Deborah Williams,44.2933333333333,Female,North,43335,0,3,13894,4631,2024-09-11,2025-02-25
1347,Valerie Chan,29,Female,North,55659,1,9,29506,3278,2023-09-23,2025-07-25
1348,Jason Young,68,Female,South,61354,0,8,15991,1998,2023-11-27,2025-04-01
1349,Megan Moore,44.2933333333333,Female,East,36167,0,2,6787,3393,2025-01-26,2025-07-15
1350,Melanie Mathis,44.2933333333333,Male,South,63044,0,3,7533,2511,2023-11-12,2024-03-17
1351,Jim Paul,44.2933333333333,Male,North,70334,0,3,9801,3267,2023-08-16,2025-05-17
1352,Gregory Hernandez,47,Female,West,56201,0,2,7381,3690,2025-02-22,2025-05-12
1353,Kristy Hartman,55,Male,North,78151,0,5,15401,3080,2023-08-28,2025-03-18
1354,Dillon Potter,55,Female,North,38393,0,4,12055,3013,2024-02-14,2025-07-26
1355,Casey French,62,Male,West,31330,1,2,5743,2871,2024-03-13,2024-04-27
1356,Daniel Atkinson,68,Male,South,23319,0,4,7944,1986,2023-11-18,2025-05-17
1357,Darrell Downs,25,Female,East,72440,0,1,1565,1565,2024-06-18,2024-06-18
1358,Jessica Ward,44,Female,North,59815,0,3,7393,2464,2024-03-25,2025-04-09
1359,Carol Hudson,44,Female,North,49166,0,4,4698,1174,2024-06-10,2025-06-30
1360,Kathryn Richardson,51,Female,West,54199,0,7,18658,2665,2023-08-25,2025-06-14
1361,Susan Taylor,38,Male,North,33117,0,2,4937,2468,2023-11-08,2025-01-06
1362,Christopher Larson,47,Female,East,49573.3111111111,0,4,9486,2371,2023-12-27,2025-04-02
1363,Bradley Cruz,50,Male,East,51938,0,4,11197,2799,2023-07-31,2025-06-24
1364,Barbara Robles,45,Female,East,51640,0,4,15638,3909,2024-09-18,2025-05-10
1365,Lisa Krueger,64,Male,West,60886,0,5,10081,2016,2023-08-14,2024-09-01
1366,Jeremy Camacho,50,Female,West,57215,0,1,1867,1867,2024-12-22,2024-12-22
1367,Darlene Hughes,22,Male,West,53358,0,7,14278,2039,2023-09-04,2025-05-23
1368,Julia Golden,65,Male,West,38142,0,4,22955,5738,2023-09-12,2025-06-01
1369,Elizabeth Ortiz,44.2933333333333,Female,South,57072,0,9,34563,3840,2023-12-30,2025-04-15
1370,Rebecca Braun,21,Female,South,78230,0,4,6139,1534,2024-01-16,2025-05-26
1371,Christopher Johnson MD,52,Male,South,70181,0,2,3691,1845,2025-06-15,2025-06-29
1372,Timothy Hayes,44.2933333333333,Female,North,73897,0,8,35018,4377,2023-07-31,2025-06-23
1373,Ellen Martinez,34,Female,West,42331,0,2,5282,2641,2025-01-15,2025-06-07
1374,Derrick Johnson,44.2933333333333,Male,South,35155,0,2,5427,2713,2024-02-14,2024-06-24
1375,Stephen Brown,45,Female,West,48113,0,2,5066,2533,2024-09-13,2025-02-05
1376,Sharon Ramsey,47,Female,West,50835,0,4,10889,2722,2024-01-12,2025-02-13
1377,Sue Dorsey,46,Female,South,66412,0,1,2511,2511,2023-10-12,2023-10-12
1378,Mr. Richard Whitney MD,63,Female,West,24613,1,6,13707,2284,2024-01-05,2025-02-09
1379,Sarah Fisher,44.2933333333333,Female,East,72943,0,5,18994,3798,2023-10-12,2025-03-04
1380,Amy Copeland,52,Female,West,47629,0,1,1267,1267,2024-02-03,2024-02-03
1381,David Harris,58,Male,East,43596,1,4,6607,1651,2024-04-20,2025-03-06
1382,Andre Alvarez,54,Male,North,49573.3111111111,0,5,10764,2152,2024-01-18,2025-05-20
1383,Joseph Woods,41,Female,West,25177,0,3,10338,3446,2024-07-04,2024-09-19
1384,Mr. Jose Vasquez,46,Female,East,62347,0,1,2099,2099,2025-05-28,2025-05-28
1385,Alyssa Harmon,66,Male,South,51099,0,3,3135,1045,2023-09-24,2025-04-12
1386,Kyle Martinez,63,Female,North,30650,0,7,22662,3237,2023-08-06,2025-05-28
1387,Anthony Stevens,48,Female,West,30573,1,5,23347,4669,2024-12-03,2025-07-04
1388,Jennifer Patterson,52,Male,East,44963,0,2,9223,4611,2023-09-05,2024-06-04
1389,Samantha Tran,50,Female,East,75035,0,3,11313,3771,2023-08-11,2023-10-04
1390,Anthony Norris,69,Female,West,46106,0,6,17876,2979,2024-01-16,2025-06-16
1391,Nathan Anderson,38,Male,East,27452,0,5,22050,4410,2024-12-07,2025-06-28
1392,Gregory Lee,49,Female,West,49573.3111111111,0,7,30161,4308,2023-08-20,2025-01-31
1393,Amy Rodgers,40,Female,East,45909,1,6,13608,2268,2024-03-09,2025-05-26
1394,Wayne Jones,50,Female,South,49573.3111111111,1,6,20649,3441,2023-11-21,2025-05-06
1395,Brenda Long,44.2933333333333,Female,West,49185,0,5,17600,3520,2023-10-17,2025-04-10
1396,Todd Jones,35,Female,West,49573.3111111111,1,5,11615,2323,2024-07-07,2025-06-14
1397,Victoria Perez,42,Male,North,60443,0,6,22253,3708,2023-11-18,2025-05-06
1398,Frank Torres,59,Female,South,77734,0,5,15907,3181,2024-08-04,2025-07-12
1399,Cynthia Brown,48,Male,West,66898,0,2,3314,1657,2025-07-01,2025-07-14
1400,Marilyn Chen,20,Male,East,45966,0,2,5422,2711,2023-12-19,2024-12-08
1401,Patricia Foster,57,Female,East,33402,0,3,7384,2461,2023-08-16,2024-11-19
1402,Samantha Edwards,63,Female,East,88600,0,4,10062,2515,2024-02-09,2024-11-27
1403,Chelsea Griffin,41,Male,North,50888,0,6,22483,3747,2023-09-27,2024-12-17
1404,Jennifer King,67,Male,West,50208,0,4,11193,2798,2024-08-16,2025-03-04
1405,Kimberly Vasquez,49,Female,East,49638,0,6,22792,3798,2024-05-09,2025-06-22
1406,Alexander Gonzales,64,Male,West,52971,1,4,7988,1997,2024-09-17,2024-11-29
1407,Danielle Richardson,39,Male,North,47834,0,3,12186,4062,2024-01-10,2024-06-29
1408,Kenneth Clark,40,Male,West,41395,0,2,9693,4846,2024-10-22,2025-01-06
1409,Cheryl Washington,19,Male,East,41797,0,1,3864,3864,2024-02-29,2024-02-29
1410,Michelle Murillo,44,Male,South,49508,0,5,13134,2626,2023-12-03,2025-02-14
1411,Patty Garcia,59,Male,West,41848,0,4,11772,2943,2023-08-19,2024-09-15
1412,Andrew Bradshaw,19,Female,South,39307,0,3,9579,3193,2024-05-12,2024-07-07
1413,Maria Reyes,43,Male,South,51596,0,3,11565,3855,2023-08-30,2025-07-01
1414,Deanna Zimmerman,34,Female,East,46175,0,7,14077,2011,2023-08-16,2025-07-03
1415,Charles Robinson,57,Female,South,49573.3111111111,0,3,9985,3328,2024-05-20,2024-08-25
1416,Sandra Scott,50,Male,North,10235,0,4,9368,2342,2023-09-30,2025-04-22
1417,Kari Reeves,26,Female,North,66372,0,4,10828,2707,2024-03-24,2024-10-09
1418,Benjamin Chavez,60,Female,East,68691,0,3,6866,2288,2023-08-15,2025-07-10
1419,Steven Mathis,65,Female,West,18899,0,4,15564,3891,2023-11-26,2025-06-19
1420,Kenneth Pearson,56,Male,North,44859,0,1,1629,1629,2024-08-19,2024-08-19
1421,Jason Calhoun,46,Male,East,44428,0,3,10819,3606,2024-03-10,2025-02-20
1422,Andrew Arnold,59,Male,South,49573.3111111111,1,3,5290,1763,2023-08-09,2023-12-06
1423,Michael Hale,43,Male,West,38332,0,3,16473,5491,2024-02-11,2025-07-28
1424,Cindy Robinson,52,Female,East,33341,0,7,19435,2776,2024-01-22,2025-03-13
1425,Randy Shannon,67,Male,East,76284,0,8,28892,3611,2023-12-17,2025-06-01
1426,Amber Mcknight,42,Male,West,49573.3111111111,0,1,2816,2816,2024-12-12,2024-12-12
1427,Mary Williams,41,Female,South,69073,0,4,13403,3350,2023-10-05,2025-06-19
1428,John Hernandez,44.2933333333333,Male,South,60825,1,4,6907,1726,2023-09-25,2025-03-20
1429,Dr. Daisy Rodriguez,24,Male,South,33064,1,1,1960,1960,2025-03-20,2025-03-20
1430,Angela Burgess,44.2933333333333,Male,East,42132,0,1,2631,2631,2024-01-25,2024-01-25
1431,Shannon Hays,62,Female,East,57340,0,3,10090,3363,2023-11-27,2025-02-22
1432,Jennifer Lewis,37,Male,South,31668,0,5,15042,3008,2023-07-31,2024-10-14
1433,Deborah Weber,18,Female,West,60694,0,6,17809,2968,2023-09-16,2025-06-30
1434,Michael Tran,25,Female,West,46395,0,3,13294,4431,2023-11-29,2025-03-13
1435,Christopher Mathews DDS,44.2933333333333,Female,East,49573.3111111111,0,4,7476,1869,2024-08-21,2025-03-30
1436,Zachary Perez,33,Female,East,49573.3111111111,0,3,6147,2049,2024-10-04,2025-07-13
1437,David Nelson,31,Female,North,56663,0,2,2122,1061,2023-08-20,2024-10-10
1438,Pamela Jimenez,29,Male,West,44585,0,1,4184,4184,2025-01-20,2025-01-20
1439,Jessica Young,68,Female,North,67389,0,2,14318,7159,2024-09-14,2025-01-03
1440,Denise Stanton,40,Female,South,33784,0,2,4740,2370,2025-05-17,2025-06-14
1441,Melanie Hanson,32,Female,South,59239,0,4,4373,1093,2024-01-09,2024-07-18
1442,Ashley Mccoy,45,Male,West,58896,1,5,13169,2633,2024-04-07,2025-04-08
1443,Juan Love,51,Female,East,45356,0,5,11914,2382,2023-09-02,2025-02-14
1444,Elizabeth Hart,19,Female,North,54891,0,3,4564,1521,2023-11-15,2024-08-11
1445,Michelle Rios,49,Male,West,31233,0,5,17591,3518,2023-08-12,2024-11-08
1446,Robin Jensen,40,Female,North,63860,0,5,8425,1685,2024-01-15,2025-07-12
1447,Sydney Christensen,44.2933333333333,Female,East,47226,0,6,17873,2978,2023-08-15,2025-06-26
1448,Sherri Rogers,68,Male,North,42159,0,4,11230,2807,2024-03-12,2025-01-29
1449,Rose Miller,42,Female,West,49573.3111111111,1,3,9309,3103,2024-04-15,2025-03-14
1450,Kristina Bruce,39,Male,East,39434,0,3,7246,2415,2023-11-22,2025-04-20
1451,Arthur Anderson,39,Female,East,28873,0,4,8906,2226,2023-08-17,2024-12-01
1452,Thomas Cunningham,66,Female,West,26650,0,5,8852,1770,2023-12-12,2025-07-21
1453,Yvonne Foley,44.2933333333333,Female,East,59090,1,1,1521,1521,2025-05-12,2025-05-12
1454,Kristine Potts,59,Male,North,30793,0,2,4399,2199,2024-07-04,2025-03-03
1455,Preston Green,23,Male,South,76321,1,4,9330,2332,2023-10-05,2025-03-25
1456,John Smith,32,Male,West,18771,1,2,6043,3021,2024-01-05,2024-11-13
1457,Jeff Carey,60,Male,North,75446,0,2,5376,2688,2025-05-15,2025-06-05
1458,Jordan Jones,54,Female,East,49573.3111111111,1,5,11419,2283,2023-08-12,2025-04-09
1459,Valerie Moore,50,Male,West,48549,1,1,7757,7757,2024-04-15,2024-04-15
1460,Sarah Lopez,25,Male,North,49573.3111111111,0,5,15520,3104,2024-01-11,2025-07-30
1461,Erica Long,61,Male,West,55987,0,3,6954,2318,2025-04-13,2025-06-01
1462,John Mitchell,44.2933333333333,Female,West,49435,0,3,8195,2731,2024-10-04,2024-12-07
1463,Jason Fleming,22,Female,West,66549,0,5,8626,1725,2023-10-31,2025-06-17
1464,Mr. Curtis Edwards,56,Female,North,51713,0,3,12634,4211,2024-04-19,2025-04-02
1465,Kathy Mason,21,Female,South,52254,0,3,7568,2522,2024-04-06,2025-04-08
1466,Daniel Garza,23,Female,North,44545,0,4,11441,2860,2023-09-02,2024-12-31
1467,Dennis Jacobs,62,Male,North,49145,0,5,21269,4253,2024-05-04,2025-05-11
1468,Felicia Hawkins,49,Male,East,54617,0,2,2744,1372,2023-10-04,2025-04-07
1469,Victoria Hernandez,69,Female,West,24347,1,8,25959,3244,2023-08-22,2025-03-22
1470,Alyssa Schneider,44.2933333333333,Female,North,29777,0,2,4301,2150,2024-11-28,2025-03-26
1471,Cody Sandoval,64,Male,North,61148,0,4,12252,3063,2023-11-27,2024-04-03
1472,Yolanda Jenkins,52,Female,South,52562,0,3,10728,3576,2024-01-30,2024-09-17
1473,Patrick Gibson,57,Female,South,47240,0,4,11572,2893,2023-09-12,2025-07-30
1474,Laura Klein,69,Male,West,50276,1,2,10138,5069,2024-04-18,2025-05-16
1475,Jennifer Harris,33,Female,West,55213,0,3,2278,759,2023-07-31,2025-05-13
1476,Andrew Jones,30,Female,East,41903,0,3,9189,3063,2023-08-06,2024-04-12
1477,Joel Boyd,67,Female,West,38325,1,2,5977,2988,2024-04-24,2025-01-09
1478,Kenneth Jones,59,Female,West,52937,1,9,29087,3231,2023-12-16,2025-07-06
1479,Leslie Alexander,47,Male,West,35324,0,5,19361,3872,2024-05-03,2025-07-13
1480,Karen Foster,36,Female,North,56123,0,3,5535,1845,2023-09-15,2024-03-18
1481,Amanda Moore,34,Male,West,24461,0,4,7514,1878,2023-08-07,2024-04-24
1482,Zachary Jimenez,36,Female,West,65437,0,4,11516,2879,2024-08-04,2025-05-20
1483,Arthur Zhang,44.2933333333333,Female,West,57088,0,2,12099,6049,2024-01-12,2024-12-18
1484,Kimberly Smith,43,Female,North,53840,0,6,11992,1998,2023-11-25,2025-04-16
1485,Cathy Wilson,54,Male,East,64740,1,8,18441,2305,2023-08-11,2025-04-26
1486,Susan Noble,43,Female,South,74982,0,2,5345,2672,2023-07-31,2023-11-18
1487,Tara Hale,40,Female,West,65215,0,2,17688,8844,2025-06-16,2025-06-22
1488,Jennifer Carpenter,26,Female,West,22386,1,5,15469,3093,2023-10-20,2025-07-25
1489,Robert Hayes,29,Male,South,30806,0,6,24000,4000,2024-01-16,2025-07-21
1490,Michael Logan,18,Female,East,40627,1,4,13332,3333,2023-08-20,2024-12-24
1491,Timothy Miller,18,Male,North,50391,1,1,2124,2124,2024-03-30,2024-03-30
1492,Ernest Chavez,44.2933333333333,Male,West,57764,0,2,4500,2250,2024-05-29,2025-07-24
1493,Patricia Perez,51,Female,East,39113,0,6,14005,2334,2023-08-12,2024-12-06
1494,Joshua Cummings DDS,49,Male,North,52801,0,5,11793,2358,2023-09-08,2025-07-18
1495,Tammy Sanders,65,Male,West,49573.3111111111,0,5,14512,2902,2023-12-20,2025-04-29
1496,Jessica Martinez,44.2933333333333,Female,East,40827,0,1,1041,1041,2023-12-06,2023-12-06
1497,John Weeks,57,Male,West,28900,0,6,19200,3200,2023-12-26,2025-07-16
1498,Anthony Blevins,62,Female,North,36151,1,3,7071,2357,2023-10-12,2024-12-03
1499,Emily Gray,18,Male,West,29724,0,3,13402,4467,2024-03-11,2024-08-12
