order_id,customer_id,order_amount,order_date,product_category,payment_method
1,1046,3009,2025-04-23,Books,Cash
2,1339,2672,2025-01-25,Clothing,UPI
3,1108,2293,2024-12-03,Electronics,Credit Card
4,1328,1503,2025-07-17,Grocery,UPI
5,1327,907,2023-09-24,Home,UPI
6,1305,3766,2023-12-16,Books,Credit Card
7,1497,2658,2024-03-09,Books,Cash
8,1010,3236,2025-04-24,Electronics,Credit Card
9,1025,1761,2024-11-09,Electronics,Cash
10,1402,1590,2024-02-09,Clothing,Net Banking
11,1170,5033,2024-07-21,Books,Net Banking
12,1124,1970,2024-02-04,Books,UPI
13,1064,2806,2023-11-12,Clothing,UPI
14,1402,2343,2024-02-19,Home,Net Banking
15,1289,1213,2025-05-13,Clothing,Credit Card
16,1105,1728,2024-11-07,Grocery,Net Banking
17,1035,8761,2024-11-05,Grocery,Cash
18,1424,1360,2024-01-22,Electronics,UPI
19,1391,2645,2025-05-16,Clothing,Credit Card
20,1283,1444,2024-01-27,Clothing,UPI
21,1106,2387,2024-09-02,Electronics,Net Banking
22,1300,1362,2025-03-17,Home,Credit Card
23,1110,1636,2023-10-27,Clothing,Net Banking
24,1416,615,2024-03-30,Books,Cash
25,1445,2688,2024-01-17,Clothing,Net Banking
26,1119,1864,2023-09-18,Home,Credit Card
27,1168,3626,2023-09-28,Clothing,Net Banking
28,1396,2383,2024-08-26,Books,UPI
29,1075,1328,2023-09-02,Grocery,UPI
30,1403,1049,2024-05-28,Grocery,Credit Card
31,1461,2489,2025-06-01,Home,UPI
32,1305,5989,2023-08-24,Home,Cash
33,1001,1553,2024-02-16,Books,Cash
34,1141,366,2025-02-12,Grocery,Credit Card
35,1439,2909,2025-01-03,Grocery,Net Banking
36,1074,5578,2023-09-14,Grocery,UPI
37,1066,3690,2024-09-16,Grocery,UPI
38,1276,804,2025-07-28,Books,Net Banking
39,1128,2734,2024-12-01,Home,Net Banking
40,1408,4487,2025-01-06,Home,Net Banking
41,1089,1759,2024-04-12,Electronics,Net Banking
42,1056,1584,2024-04-20,Home,UPI
43,1338,1628,2024-10-09,Grocery,Cash
44,1443,2133,2025-02-14,Clothing,Credit Card
45,1013,856,2024-05-12,Grocery,Credit Card
46,1067,2889,2023-10-24,Grocery,Net Banking
47,1007,2996,2023-12-20,Home,Cash
48,1183,3049,2025-02-05,Electronics,UPI
49,1404,2413,2025-03-04,Books,UPI
50,1403,832,2024-12-17,Clothing,Credit Card
51,1121,2037,2023-11-14,Clothing,Net Banking
52,1301,7827,2024-09-25,Electronics,Cash
53,1165,2959,2024-03-19,Grocery,Credit Card
54,1008,1242,2023-10-01,Books,Cash
55,1089,3842,2024-02-04,Books,Net Banking
56,1135,7889,2025-06-08,Books,Net Banking
57,1026,3242,2024-09-14,Home,Credit Card
58,1064,2193,2024-01-30,Grocery,Net Banking
59,1379,5977,2024-11-12,Clothing,Cash
60,1215,1653,2023-10-21,Clothing,Cash
61,1269,4957,2024-06-21,Grocery,Credit Card
62,1058,1557,2023-09-07,Clothing,Net Banking
63,1381,1786,2025-03-06,Home,UPI
64,1032,4289,2023-08-01,Books,Net Banking
65,1243,5809,2024-03-27,Clothing,Credit Card
66,1229,2305,2024-05-12,Home,Credit Card
67,1398,5702,2024-08-04,Books,UPI
68,1185,3292,2023-11-30,Grocery,Credit Card
69,1262,1260,2024-03-26,Grocery,Credit Card
70,1303,1799,2023-08-21,Home,UPI
71,1055,3658,2025-06-28,Home,UPI
72,1231,6222,2023-11-19,Home,Cash
73,1257,5018,2025-07-25,Clothing,Credit Card
74,1113,5067,2025-06-14,Grocery,UPI
75,1484,718,2024-09-17,Clothing,Cash
76,1314,4179,2025-06-17,Clothing,Credit Card
77,1022,4028,2023-12-29,Books,UPI
78,1372,3066,2025-06-23,Home,Credit Card
79,1401,3982,2024-11-19,Clothing,Cash
80,1465,438,2025-02-18,Books,Net Banking
81,1443,174,2024-11-09,Electronics,Credit Card
82,1337,3022,2025-04-29,Books,Credit Card
83,1266,2379,2023-08-06,Electronics,Credit Card
84,1154,2094,2024-12-23,Electronics,Credit Card
85,1234,3408,2025-07-19,Electronics,UPI
86,1329,2899,2024-04-08,Electronics,Net Banking
87,1493,3165,2023-11-01,Home,Credit Card
88,1015,4645,2024-11-26,Clothing,UPI
89,1031,1612,2023-10-10,Clothing,Net Banking
90,1245,3216,2024-02-17,Electronics,Cash
91,1433,1446,2024-09-04,Clothing,Cash
92,1205,337,2024-08-17,Electronics,Cash
93,1218,1969,2024-05-29,Clothing,Cash
94,1351,5134,2025-05-17,Books,Cash
95,1055,1172,2024-01-12,Home,Net Banking
96,1251,3424,2024-11-09,Grocery,Credit Card
97,1364,4676,2025-04-20,Electronics,Cash
98,1465,4208,2024-04-06,Books,Credit Card
99,1227,1441,2024-10-08,Books,Credit Card
100,1037,1331,2023-10-09,Home,Credit Card
101,1460,2570,2025-07-30,Home,Credit Card
102,1041,3049,2024-04-09,Electronics,Credit Card
103,1164,3960,2023-12-03,Electronics,Net Banking
104,1311,3990,2024-08-11,Books,Credit Card
105,1075,12151,2024-01-17,Books,Net Banking
106,1033,6578,2025-07-17,Home,Net Banking
107,1064,1878,2025-01-16,Electronics,Credit Card
108,1140,9194,2025-06-29,Electronics,Net Banking
109,1319,904,2024-07-31,Books,Cash
110,1324,1005,2024-10-29,Grocery,Cash
111,1299,4343,2024-03-20,Books,Cash
112,1280,2035,2024-09-01,Grocery,Credit Card
113,1364,6597,2024-11-01,Electronics,Cash
114,1166,3880,2023-12-26,Books,UPI
115,1195,2301,2024-08-29,Home,UPI
116,1305,2159,2023-08-20,Clothing,UPI
117,1271,2097,2025-05-08,Electronics,Cash
118,1150,253,2025-02-27,Electronics,Net Banking
119,1232,1137,2025-03-11,Books,UPI
120,1258,1414,2024-08-12,Clothing,Net Banking
121,1309,5243,2025-05-11,Clothing,Net Banking
122,1220,1540,2024-06-15,Clothing,Credit Card
123,1050,3304,2025-07-21,Books,UPI
124,1406,2166,2024-11-22,Books,Credit Card
125,1359,1146,2025-06-30,Grocery,Credit Card
126,1058,3057,2024-08-07,Grocery,Credit Card
127,1436,2464,2025-07-13,Grocery,Cash
128,1335,5216,2023-08-12,Home,Credit Card
129,1333,1804,2023-10-06,Electronics,Net Banking
130,1449,1436,2024-04-15,Grocery,UPI
131,1393,4480,2025-05-11,Home,Net Banking
132,1282,2164,2024-11-20,Home,UPI
133,1369,4741,2024-04-01,Books,Cash
134,1443,1589,2023-09-02,Clothing,UPI
135,1110,2791,2023-11-17,Clothing,UPI
136,1220,1488,2025-04-08,Grocery,UPI
137,1231,1209,2024-01-30,Electronics,UPI
138,1454,198,2025-03-03,Electronics,Net Banking
139,1116,6755,2024-05-10,Electronics,UPI
140,1211,1664,2025-07-02,Home,Credit Card
141,1173,3628,2023-08-08,Home,UPI
142,1423,2188,2024-02-11,Home,Credit Card
143,1232,5539,2025-01-07,Books,Cash
144,1204,421,2024-12-04,Home,Credit Card
145,1212,2922,2025-05-07,Electronics,Net Banking
146,1373,4276,2025-06-07,Electronics,Credit Card
147,1048,2614,2023-10-08,Clothing,Net Banking
148,1160,1317,2024-02-07,Electronics,Credit Card
149,1218,443,2024-02-01,Home,UPI
150,1160,1446,2024-12-22,Home,Cash
151,1340,301,2024-03-30,Grocery,Net Banking
152,1130,4204,2025-06-01,Books,Net Banking
153,1191,3527,2025-02-21,Electronics,UPI
154,1488,4521,2023-10-20,Books,UPI
155,1078,1081,2024-10-07,Electronics,Credit Card
156,1351,922,2023-08-16,Clothing,Net Banking
157,1472,3668,2024-04-27,Clothing,Credit Card
158,1242,3570,2025-07-14,Books,UPI
159,1034,372,2024-11-18,Home,Net Banking
160,1046,1383,2024-05-05,Grocery,Cash
161,1425,6999,2024-05-07,Electronics,Cash
162,1043,4333,2024-01-03,Electronics,Net Banking
163,1047,2040,2024-12-29,Grocery,Net Banking
164,1221,808,2024-01-31,Books,UPI
165,1049,1058,2025-05-27,Books,Net Banking
166,1381,1756,2024-04-25,Electronics,Net Banking
167,1378,640,2024-08-10,Clothing,Cash
168,1190,5662,2024-03-09,Grocery,UPI
169,1415,5325,2024-06-19,Electronics,Credit Card
170,1066,837,2023-10-19,Clothing,Net Banking
171,1284,8242,2025-06-13,Books,UPI
172,1030,1707,2024-09-22,Clothing,UPI
173,1300,2510,2024-10-02,Home,Cash
174,1489,1687,2025-06-27,Electronics,Net Banking
175,1287,919,2024-02-02,Grocery,Net Banking
176,1287,1862,2024-03-02,Clothing,UPI
177,1168,381,2024-03-25,Books,Net Banking
178,1343,1873,2023-11-29,Clothing,Cash
179,1062,2323,2023-11-22,Books,Cash
180,1210,2970,2024-07-17,Home,Cash
181,1181,546,2024-04-13,Books,Net Banking
182,1447,585,2023-08-15,Grocery,Net Banking
183,1340,2872,2025-07-03,Home,Cash
184,1481,840,2024-01-28,Clothing,Credit Card
185,1384,2099,2025-05-28,Electronics,UPI
186,1216,5710,2025-07-24,Books,Credit Card
187,1444,766,2023-11-15,Grocery,Net Banking
188,1468,1171,2025-04-07,Electronics,UPI
189,1369,4862,2024-09-06,Electronics,UPI
190,1026,369,2024-12-30,Home,Net Banking
191,1495,2123,2023-12-20,Clothing,Credit Card
192,1147,3108,2024-04-19,Electronics,Credit Card
193,1307,4677,2024-12-01,Grocery,Credit Card
194,1159,1729,2025-02-26,Books,Credit Card
195,1180,753,2025-05-30,Books,Cash
196,1053,2996,2024-10-27,Books,UPI
197,1295,3051,2023-11-06,Home,Credit Card
198,1259,7729,2024-09-03,Grocery,Net Banking
199,1108,1862,2024-10-28,Electronics,Cash
200,1079,3082,2024-11-22,Grocery,UPI
201,1336,2266,2024-08-09,Home,Net Banking
202,1246,847,2024-12-08,Home,Cash
203,1114,3027,2024-03-15,Clothing,UPI
204,1433,5121,2025-05-17,Grocery,Net Banking
205,1055,3954,2024-01-08,Books,UPI
206,1179,1342,2024-08-22,Home,Cash
207,1432,2013,2024-02-17,Home,Credit Card
208,1284,5598,2024-09-21,Clothing,Cash
209,1188,1902,2025-03-02,Books,Net Banking
210,1058,5505,2025-02-08,Home,Credit Card
211,1390,2124,2024-01-16,Electronics,UPI
212,1142,2247,2023-11-27,Books,UPI
213,1293,4990,2024-11-06,Grocery,UPI
214,1115,8527,2023-11-30,Clothing,Cash
215,1413,2061,2025-07-01,Electronics,UPI
216,1219,1787,2024-12-14,Electronics,UPI
217,1432,1314,2024-09-26,Grocery,UPI
218,1287,1137,2023-10-15,Clothing,Cash
219,1498,1395,2023-10-12,Home,Net Banking
220,1392,1599,2024-01-02,Clothing,Credit Card
221,1419,4552,2023-11-26,Home,UPI
222,1318,3635,2025-01-03,Grocery,Cash
223,1314,4157,2025-07-28,Grocery,UPI
224,1345,4107,2024-07-21,Electronics,Credit Card
225,1329,5560,2023-09-29,Electronics,Net Banking
226,1285,1289,2025-03-20,Electronics,Net Banking
227,1013,2933,2023-09-17,Grocery,UPI
228,1311,478,2024-04-22,Home,Credit Card
229,1475,483,2025-05-13,Grocery,UPI
230,1336,2712,2024-02-29,Grocery,Net Banking
231,1424,2247,2024-09-01,Electronics,Cash
232,1355,2558,2024-03-13,Clothing,Cash
233,1136,3873,2024-06-14,Electronics,Cash
234,1014,6508,2024-09-15,Clothing,Credit Card
235,1092,2505,2025-06-03,Home,Credit Card
236,1139,2200,2024-07-25,Home,Net Banking
237,1359,1362,2024-10-17,Books,Credit Card
238,1390,4600,2024-04-16,Books,Net Banking
239,1158,1467,2025-05-08,Books,Net Banking
240,1471,1998,2023-11-27,Home,UPI
241,1173,3938,2024-11-28,Electronics,Cash
242,1179,2655,2023-09-21,Electronics,Cash
243,1003,2545,2024-01-16,Electronics,Net Banking
244,1092,1183,2024-05-25,Grocery,Credit Card
245,1445,3206,2024-11-08,Books,Net Banking
246,1073,9579,2024-09-24,Electronics,Cash
247,1289,741,2024-05-30,Books,UPI
248,1336,912,2024-06-13,Books,Cash
249,1205,4341,2025-07-06,Grocery,Net Banking
250,1035,2986,2023-10-12,Home,Net Banking
251,1072,6201,2023-08-18,Electronics,Cash
252,1379,1324,2023-10-12,Grocery,Cash
253,1324,4649,2024-01-06,Home,Credit Card
254,1497,3207,2025-07-16,Home,UPI
255,1015,1077,2024-05-03,Electronics,Cash
256,1046,1472,2024-11-28,Books,UPI
257,1382,2529,2024-01-18,Clothing,UPI
258,1271,1178,2025-04-12,Books,Credit Card
259,1110,5374,2024-10-02,Books,Net Banking
260,1192,4193,2023-10-13,Clothing,UPI
261,1214,1668,2025-04-24,Home,UPI
262,1232,2203,2025-01-17,Clothing,UPI
263,1174,4812,2025-01-20,Clothing,UPI
264,1080,2375,2024-04-13,Grocery,Net Banking
265,1189,8635,2023-08-26,Grocery,Credit Card
266,1159,3653,2023-12-16,Grocery,UPI
267,1369,1228,2025-04-15,Home,Cash
268,1166,962,2025-03-16,Clothing,Net Banking
269,1397,5160,2024-07-16,Electronics,Credit Card
270,1482,1743,2024-08-04,Clothing,Cash
271,1290,2780,2024-02-27,Home,Cash
272,1305,2532,2023-12-14,Grocery,Cash
273,1043,647,2024-03-18,Home,UPI
274,1452,637,2024-09-17,Grocery,UPI
275,1026,5735,2025-03-25,Home,Cash
276,1079,1929,2025-06-26,Electronics,Credit Card
277,1080,1848,2024-06-27,Grocery,UPI
278,1386,9187,2024-11-12,Grocery,Credit Card
279,1316,4890,2024-09-17,Clothing,UPI
280,1025,7063,2025-01-05,Home,UPI
281,1345,5869,2025-05-14,Books,UPI
282,1041,4419,2025-04-19,Books,Credit Card
283,1139,6855,2024-07-23,Clothing,UPI
284,1226,1296,2023-08-23,Home,Credit Card
285,1338,1155,2025-04-25,Electronics,UPI
286,1217,640,2024-01-29,Clothing,Net Banking
287,1248,415,2023-10-16,Grocery,UPI
288,1310,2737,2023-12-01,Electronics,Cash
289,1226,556,2024-07-07,Home,Credit Card
290,1212,884,2023-10-11,Grocery,Net Banking
291,1139,2101,2024-07-18,Books,Credit Card
292,1110,80,2025-06-05,Home,UPI
293,1386,2353,2025-05-28,Grocery,Cash
294,1262,2529,2024-02-18,Home,Cash
295,1058,8797,2023-10-29,Grocery,Cash
296,1176,2942,2024-06-23,Home,UPI
297,1220,2741,2024-02-20,Books,UPI
298,1056,6853,2025-07-27,Clothing,Cash
299,1145,2067,2024-03-27,Grocery,UPI
300,1347,2891,2024-10-25,Grocery,UPI
301,1347,4921,2025-07-25,Books,Net Banking
302,1303,1320,2024-11-14,Clothing,UPI
303,1249,4944,2024-02-04,Home,Net Banking
304,1269,689,2023-10-10,Grocery,Cash
305,1341,4035,2024-07-14,Clothing,Credit Card
306,1157,4053,2024-12-03,Home,UPI
307,1023,1809,2024-11-13,Grocery,Cash
308,1112,2168,2025-07-04,Grocery,Cash
309,1202,7334,2024-12-23,Home,UPI
310,1306,2297,2023-11-23,Books,Credit Card
311,1028,3690,2024-11-07,Clothing,Credit Card
312,1003,2601,2024-09-24,Grocery,UPI
313,1104,1424,2025-02-08,Home,Cash
314,1154,1511,2024-05-01,Grocery,UPI
315,1484,3341,2023-11-25,Home,Credit Card
316,1108,6355,2024-05-17,Grocery,UPI
317,1392,734,2024-10-16,Electronics,Cash
318,1070,6970,2024-11-02,Books,Credit Card
319,1391,3951,2025-02-11,Clothing,Credit Card
320,1130,2068,2024-12-23,Books,Credit Card
321,1148,3195,2024-12-31,Books,Cash
322,1167,3902,2025-01-23,Clothing,UPI
323,1061,928,2023-11-20,Books,Credit Card
324,1003,2210,2025-01-01,Electronics,Cash
325,1254,2507,2025-04-29,Home,Cash
326,1382,487,2024-02-02,Clothing,Net Banking
327,1220,4509,2025-04-05,Home,Credit Card
328,1089,1484,2025-01-05,Grocery,Cash
329,1066,1559,2024-02-07,Electronics,UPI
330,1194,2342,2025-04-29,Home,Cash
331,1272,3471,2024-12-29,Home,Cash
332,1360,3289,2023-11-08,Clothing,Net Banking
333,1117,2594,2025-02-12,Grocery,Credit Card
334,1256,3199,2023-10-09,Clothing,Cash
335,1286,1353,2024-12-01,Grocery,UPI
336,1426,2816,2024-12-12,Clothing,Net Banking
337,1342,3720,2023-12-02,Home,Cash
338,1412,1535,2024-05-29,Home,UPI
339,1181,2552,2024-02-15,Electronics,Credit Card
340,1036,3779,2025-01-24,Home,Net Banking
341,1203,2339,2025-05-24,Books,Cash
342,1441,782,2024-07-18,Home,Net Banking
343,1379,6282,2024-05-14,Books,UPI
344,1021,5536,2024-01-04,Home,Credit Card
345,1223,2487,2025-02-15,Books,Credit Card
346,1009,6909,2023-08-10,Books,Credit Card
347,1235,3899,2025-02-18,Home,Credit Card
348,1471,2119,2024-01-27,Books,Cash
349,1039,1380,2024-04-14,Electronics,UPI
350,1441,933,2024-04-28,Grocery,Net Banking
351,1160,2213,2024-09-09,Books,Cash
352,1294,1161,2023-10-01,Books,Net Banking
353,1219,1253,2024-07-22,Electronics,Credit Card
354,1293,3215,2024-03-11,Electronics,UPI
355,1207,695,2025-02-05,Clothing,Cash
356,1363,503,2025-06-24,Grocery,Net Banking
357,1327,2699,2024-09-05,Clothing,Net Banking
358,1213,3819,2025-06-24,Books,Cash
359,1148,3372,2024-06-14,Electronics,Net Banking
360,1058,519,2024-09-01,Books,Net Banking
361,1207,1361,2024-10-01,Home,Cash
362,1010,1511,2023-09-17,Grocery,UPI
363,1494,556,2024-10-28,Home,Cash
364,1166,2563,2025-01-10,Electronics,Cash
365,1087,2937,2023-11-08,Electronics,UPI
366,1410,2150,2024-05-21,Electronics,Net Banking
367,1485,546,2023-11-15,Grocery,Cash
368,1316,8643,2024-03-16,Clothing,Net Banking
369,1235,1242,2025-05-07,Books,Net Banking
370,1425,4851,2024-06-15,Books,Net Banking
371,1353,6348,2025-03-18,Books,Cash
372,1470,1794,2025-03-26,Books,UPI
373,1185,3378,2025-04-12,Books,Credit Card
374,1045,711,2023-12-27,Clothing,UPI
375,1223,1855,2024-10-01,Home,Cash
376,1432,3461,2023-07-31,Grocery,UPI
377,1054,2521,2024-04-26,Home,Credit Card
378,1124,4141,2025-06-21,Home,UPI
379,1223,1683,2023-09-28,Books,Cash
380,1301,4851,2023-08-24,Books,Net Banking
381,1205,1072,2025-06-22,Clothing,Credit Card
382,1268,3411,2023-08-03,Grocery,UPI
383,1040,1546,2024-03-06,Electronics,Cash
384,1202,462,2025-03-29,Home,Credit Card
385,1445,4089,2024-04-18,Electronics,Credit Card
386,1158,1334,2024-05-29,Grocery,UPI
387,1381,995,2024-08-29,Home,Cash
388,1173,5676,2024-12-20,Electronics,Cash
389,1113,4449,2024-12-04,Electronics,Credit Card
390,1170,955,2024-08-31,Clothing,Credit Card
391,1398,823,2024-11-05,Grocery,Net Banking
392,1086,1710,2024-10-15,Grocery,UPI
393,1039,882,2023-10-23,Grocery,Net Banking
394,1261,6526,2023-09-04,Home,Credit Card
395,1324,429,2024-03-25,Clothing,Credit Card
396,1058,7865,2024-12-30,Books,Cash
397,1271,3317,2024-11-02,Home,Cash
398,1261,3770,2023-10-11,Grocery,Net Banking
399,1099,2709,2023-11-17,Home,Credit Card
400,1463,513,2023-10-31,Electronics,UPI
401,1397,4371,2024-05-24,Home,Cash
402,1178,2565,2025-04-11,Home,Cash
403,1179,1067,2024-03-16,Grocery,Credit Card
404,1372,5234,2025-02-11,Electronics,UPI
405,1490,4965,2023-10-08,Grocery,Net Banking
406,1419,5252,2025-06-19,Electronics,UPI
407,1330,4750,2024-10-30,Electronics,Credit Card
408,1417,1599,2024-07-26,Electronics,UPI
409,1075,3698,2023-12-11,Grocery,UPI
410,1120,5160,2024-08-09,Electronics,Credit Card
411,1052,4790,2024-03-14,Clothing,Net Banking
412,1074,139,2024-03-17,Clothing,UPI
413,1131,2357,2024-07-03,Books,Credit Card
414,1101,1358,2024-11-06,Clothing,UPI
415,1088,6469,2024-03-25,Books,Credit Card
416,1308,2385,2024-02-26,Clothing,Net Banking
417,1078,3488,2025-02-11,Grocery,Cash
418,1389,2893,2023-08-30,Books,Net Banking
419,1388,6025,2024-06-04,Home,Cash
420,1335,7936,2025-04-17,Home,Cash
421,1038,2578,2025-03-21,Clothing,UPI
422,1090,3002,2025-07-29,Home,Credit Card
423,1487,6261,2025-06-22,Clothing,Credit Card
424,1395,900,2025-04-10,Clothing,Credit Card
425,1321,1007,2023-08-09,Home,Net Banking
426,1252,1441,2024-11-16,Home,Net Banking
427,1237,4313,2024-02-14,Electronics,Net Banking
428,1386,2637,2024-04-04,Books,Net Banking
429,1288,1454,2025-07-04,Clothing,UPI
430,1389,5785,2023-08-11,Home,UPI
431,1296,564,2023-12-02,Books,Cash
432,1229,1394,2024-03-19,Home,Cash
433,1348,2217,2024-06-08,Home,Credit Card
434,1473,7912,2023-09-12,Electronics,Net Banking
435,1451,1430,2023-08-28,Clothing,UPI
436,1289,3700,2025-05-09,Clothing,Cash
437,1329,2214,2023-11-21,Grocery,Credit Card
438,1325,835,2023-09-08,Electronics,Credit Card
439,1319,3650,2023-11-07,Books,Net Banking
440,1165,1972,2023-12-24,Electronics,Net Banking
441,1442,1610,2025-04-08,Books,Credit Card
442,1497,709,2024-06-21,Clothing,Net Banking
443,1321,2653,2023-09-22,Grocery,Net Banking
444,1161,6725,2025-07-06,Grocery,Cash
445,1077,1490,2024-01-15,Clothing,Cash
446,1225,909,2025-05-13,Home,Cash
447,1034,465,2024-05-09,Electronics,UPI
448,1240,413,2024-03-18,Grocery,Net Banking
449,1226,2260,2025-02-26,Home,Cash
450,1323,2673,2024-04-22,Books,Cash
451,1155,3347,2024-04-20,Grocery,Credit Card
452,1407,2341,2024-06-28,Books,Cash
453,1140,2877,2025-02-27,Home,Credit Card
454,1302,6669,2024-05-04,Books,Net Banking
455,1028,5778,2025-02-01,Home,Credit Card
456,1180,5584,2024-11-24,Books,Cash
457,1259,5021,2024-11-11,Electronics,UPI
458,1037,3996,2024-03-26,Grocery,UPI
459,1158,548,2025-07-21,Grocery,Net Banking
460,1236,2106,2024-05-06,Home,Cash
461,1231,3075,2024-10-01,Books,Net Banking
462,1019,1171,2024-04-20,Clothing,Credit Card
463,1029,7429,2023-12-05,Grocery,Net Banking
464,1188,1918,2023-10-06,Books,UPI
465,1425,489,2024-04-12,Books,Net Banking
466,1146,1825,2024-01-01,Electronics,Credit Card
467,1039,3405,2025-04-24,Clothing,Cash
468,1330,1171,2025-01-18,Grocery,Net Banking
469,1442,2236,2025-03-01,Electronics,Credit Card
470,1437,501,2024-10-10,Clothing,UPI
471,1046,1742,2023-12-10,Grocery,Cash
472,1314,2530,2024-12-06,Electronics,Net Banking
473,1304,2335,2024-10-20,Clothing,Net Banking
474,1259,4412,2024-09-14,Grocery,UPI
475,1196,1049,2024-07-08,Clothing,Net Banking
476,1236,3262,2023-09-13,Books,UPI
477,1297,3768,2024-09-01,Home,UPI
478,1283,1376,2024-05-10,Home,Cash
479,1488,1164,2025-07-25,Books,UPI
480,1405,7468,2024-09-20,Clothing,UPI
481,1378,1961,2025-01-08,Books,UPI
482,1458,3375,2023-08-12,Home,Net Banking
483,1021,3482,2023-12-30,Home,UPI
484,1230,650,2024-03-03,Clothing,UPI
485,1465,2922,2025-04-08,Home,UPI
486,1414,2810,2024-01-03,Books,UPI
487,1292,7496,2024-12-21,Clothing,Net Banking
488,1333,2809,2024-02-17,Books,UPI
489,1096,4297,2024-09-29,Clothing,Credit Card
490,1164,4420,2024-02-18,Home,Credit Card
491,1309,2013,2025-01-11,Grocery,Credit Card
492,1243,9362,2024-08-28,Clothing,Cash
493,1256,1309,2023-12-15,Clothing,Credit Card
494,1077,495,2024-07-07,Grocery,Credit Card
495,1490,1682,2023-08-20,Home,Cash
496,1031,398,2024-05-08,Books,Net Banking
497,1230,1387,2023-08-19,Electronics,Net Banking
498,1052,2507,2024-10-17,Grocery,Cash
499,1415,3020,2024-05-20,Electronics,Net Banking
500,1460,1840,2024-10-14,Home,Cash
501,1428,1375,2025-03-20,Clothing,UPI
502,1175,1662,2023-08-25,Clothing,Net Banking
503,1365,3705,2024-09-01,Home,Cash
504,1043,979,2024-05-23,Books,UPI
505,1258,1382,2025-06-15,Books,UPI
506,1330,3194,2023-10-17,Home,Credit Card
507,1088,2697,2025-05-27,Home,Cash
508,1020,466,2025-05-15,Home,Cash
509,1126,5131,2024-06-28,Home,Credit Card
510,1362,1700,2023-12-27,Home,Net Banking
511,1224,873,2024-10-05,Home,Cash
512,1224,680,2025-01-01,Clothing,UPI
513,1268,5181,2023-08-22,Electronics,Cash
514,1267,223,2023-08-20,Books,Credit Card
515,1312,3399,2024-10-08,Electronics,Cash
516,1081,4525,2024-07-29,Clothing,Net Banking
517,1186,1819,2023-08-24,Grocery,Credit Card
518,1190,7019,2024-07-15,Electronics,Credit Card
519,1469,1033,2024-02-09,Grocery,UPI
520,1144,3685,2025-07-22,Clothing,Cash
521,1198,2723,2024-04-08,Books,Credit Card
522,1209,7628,2025-01-01,Grocery,Net Banking
523,1396,1994,2024-11-23,Clothing,Net Banking
524,1173,3416,2025-04-09,Home,Net Banking
525,1347,2710,2023-09-23,Books,UPI
526,1306,555,2025-02-09,Home,Net Banking
527,1026,2227,2024-07-13,Books,UPI
528,1404,1518,2024-08-16,Books,Net Banking
529,1323,2724,2024-06-21,Electronics,Cash
530,1331,3464,2024-10-19,Books,Net Banking
531,1171,6102,2024-07-03,Electronics,Net Banking
532,1033,157,2024-08-01,Grocery,UPI
533,1168,2500,2024-12-24,Books,Cash
534,1048,735,2025-04-07,Grocery,Cash
535,1285,3720,2024-01-29,Books,UPI
536,1347,9730,2024-04-19,Electronics,Cash
537,1197,1904,2025-04-02,Home,Net Banking
538,1145,1261,2023-12-21,Books,Net Banking
539,1129,1691,2024-08-22,Clothing,Cash
540,1370,746,2025-05-26,Home,Net Banking
541,1436,72,2024-12-29,Electronics,Cash
542,1336,3037,2024-12-07,Clothing,UPI
543,1493,2412,2023-09-27,Grocery,UPI
544,1464,1291,2025-04-02,Electronics,UPI
545,1308,921,2024-09-06,Home,Credit Card
546,1447,4499,2023-12-03,Grocery,Net Banking
547,1076,5767,2024-05-25,Grocery,UPI
548,1170,2764,2024-03-01,Electronics,Cash
549,1041,245,2025-03-24,Home,Cash
550,1298,2155,2024-01-15,Electronics,UPI
551,1339,3203,2023-09-25,Clothing,UPI
552,1072,1966,2024-09-29,Clothing,UPI
553,1469,2159,2023-08-22,Books,Cash
554,1179,1377,2025-06-08,Grocery,Credit Card
555,1158,2003,2025-06-14,Books,UPI
556,1495,4799,2025-04-29,Home,Cash
557,1335,2889,2024-04-08,Clothing,Cash
558,1357,1565,2024-06-18,Books,UPI
559,1339,1971,2024-11-03,Clothing,Net Banking
560,1200,6117,2024-10-27,Clothing,Cash
561,1066,939,2024-04-14,Clothing,Net Banking
562,1304,1389,2024-12-26,Electronics,Net Banking
563,1362,2155,2025-02-12,Books,Credit Card
564,1480,1484,2023-09-25,Grocery,Cash
565,1043,5920,2024-04-16,Books,Credit Card
566,1158,4882,2025-05-30,Grocery,UPI
567,1286,2116,2023-08-15,Books,Credit Card
568,1192,9216,2025-07-12,Books,UPI
569,1329,3056,2024-12-19,Clothing,Net Banking
570,1405,6723,2025-05-10,Grocery,Cash
571,1168,6296,2024-05-11,Grocery,Credit Card
572,1416,3391,2025-04-22,Grocery,Cash
573,1065,874,2024-02-07,Books,Net Banking
574,1343,2612,2024-03-04,Grocery,Net Banking
575,1359,1348,2025-04-14,Books,Net Banking
576,1424,3670,2024-09-07,Electronics,Net Banking
577,1484,3254,2025-04-16,Clothing,Net Banking
578,1378,2946,2024-07-06,Home,Net Banking
579,1350,4346,2024-03-17,Electronics,Credit Card
580,1467,3150,2025-04-22,Grocery,Cash
581,1269,2325,2023-09-03,Clothing,Credit Card
582,1047,806,2024-02-22,Clothing,Net Banking
583,1330,1467,2024-10-13,Clothing,UPI
584,1343,1011,2023-09-22,Clothing,UPI
585,1216,4535,2025-07-06,Grocery,Net Banking
586,1260,2208,2024-08-24,Clothing,Net Banking
587,1185,2955,2025-06-05,Home,Net Banking
588,1009,1681,2025-06-01,Home,Cash
589,1185,5319,2025-04-05,Clothing,Cash
590,1158,3842,2024-04-29,Books,Credit Card
591,1092,2695,2024-01-08,Grocery,Cash
592,1486,2399,2023-11-18,Home,Net Banking
593,1109,1227,2024-06-06,Home,Cash
594,1174,1495,2024-10-22,Home,UPI
595,1485,556,2024-02-11,Electronics,UPI
596,1392,3897,2025-01-31,Electronics,Net Banking
597,1248,4149,2024-08-03,Home,Cash
598,1098,4278,2025-03-12,Books,Cash
599,1115,1075,2024-01-21,Grocery,Credit Card
600,1070,6434,2025-04-01,Grocery,Credit Card
601,1079,1909,2025-04-19,Home,UPI
602,1039,3577,2024-11-10,Home,Net Banking
603,1151,789,2025-01-06,Grocery,UPI
604,1432,5501,2024-08-15,Books,Net Banking
605,1403,4036,2024-08-23,Electronics,Net Banking
606,1051,1975,2025-06-03,Electronics,Net Banking
607,1259,1697,2023-09-25,Home,Net Banking
608,1394,3967,2025-05-06,Grocery,Cash
609,1276,5490,2024-03-25,Electronics,Net Banking
610,1427,1235,2025-04-05,Books,Cash
611,1378,2316,2025-02-09,Home,Net Banking
612,1452,1645,2025-07-21,Clothing,Cash
613,1269,5667,2024-05-22,Home,Cash
614,1019,1512,2025-06-11,Clothing,UPI
615,1338,820,2023-11-12,Home,UPI
616,1172,4093,2024-08-22,Grocery,Credit Card
617,1448,6078,2024-03-12,Grocery,UPI
618,1392,3928,2023-08-20,Grocery,UPI
619,1316,5201,2024-10-07,Grocery,Net Banking
620,1067,8806,2025-01-05,Books,Credit Card
621,1305,7670,2024-12-02,Books,UPI
622,1192,7727,2025-03-22,Clothing,UPI
623,1078,1662,2023-12-02,Books,Cash
624,1083,4125,2024-02-09,Home,Credit Card
625,1092,2821,2024-01-06,Grocery,Credit Card
626,1425,2783,2025-06-01,Electronics,Credit Card
627,1354,5351,2024-02-14,Electronics,Cash
628,1394,3721,2024-04-07,Electronics,Credit Card
629,1319,2374,2024-11-08,Home,Credit Card
630,1414,1436,2023-12-20,Electronics,Cash
631,1462,3744,2024-10-04,Electronics,Credit Card
632,1084,2202,2024-04-26,Clothing,Credit Card
633,1369,5333,2025-01-02,Home,Net Banking
634,1224,5221,2025-07-24,Home,UPI
635,1022,3367,2024-06-17,Electronics,Credit Card
636,1210,997,2025-01-21,Home,Cash
637,1186,1806,2024-03-01,Clothing,Net Banking
638,1346,7939,2024-10-14,Clothing,UPI
639,1368,3655,2024-07-25,Grocery,UPI
640,1121,6064,2025-07-15,Clothing,Net Banking
641,1496,1041,2023-12-06,Grocery,Cash
642,1227,14352,2025-07-01,Electronics,UPI
643,1312,469,2025-02-19,Grocery,UPI
644,1145,3695,2024-10-29,Grocery,UPI
645,1385,418,2023-09-24,Electronics,Credit Card
646,1383,5333,2024-09-19,Grocery,Credit Card
647,1401,1239,2023-08-16,Clothing,Net Banking
648,1229,2222,2025-04-12,Electronics,Net Banking
649,1119,3199,2024-09-27,Home,Cash
650,1273,4388,2023-11-27,Grocery,Cash
651,1122,2191,2024-08-23,Clothing,Net Banking
652,1158,2933,2024-01-24,Home,Cash
653,1494,3101,2025-07-18,Electronics,UPI
654,1414,2647,2023-08-16,Electronics,UPI
655,1401,2163,2024-02-01,Electronics,Cash
656,1240,1674,2024-11-05,Clothing,Cash
657,1462,3224,2024-12-06,Home,Net Banking
658,1427,3146,2025-03-11,Electronics,Net Banking
659,1099,1418,2023-11-24,Clothing,Cash
660,1188,2171,2023-11-16,Books,UPI
661,1347,423,2024-01-13,Clothing,Credit Card
662,1484,2078,2024-05-12,Books,Cash
663,1292,440,2024-11-23,Home,Net Banking
664,1225,1706,2024-01-21,Electronics,Net Banking
665,1236,1004,2025-04-08,Electronics,Cash
666,1393,1296,2025-01-14,Grocery,Net Banking
667,1144,6199,2024-02-24,Electronics,UPI
668,1398,879,2024-10-17,Home,Net Banking
669,1195,1834,2025-01-30,Clothing,Credit Card
670,1257,3199,2023-11-12,Home,Credit Card
671,1270,321,2023-12-30,Electronics,UPI
672,1214,2220,2025-01-07,Clothing,Net Banking
673,1494,2986,2025-02-20,Home,Net Banking
674,1082,954,2024-03-29,Electronics,Cash
675,1418,630,2023-08-15,Electronics,Credit Card
676,1102,4338,2024-06-20,Electronics,Cash
677,1410,337,2023-12-03,Grocery,Cash
678,1309,1812,2024-10-28,Grocery,Net Banking
679,1070,834,2024-01-13,Grocery,Credit Card
680,1446,160,2025-06-23,Clothing,Cash
681,1128,5387,2024-04-07,Home,Net Banking
682,1026,4066,2024-06-27,Clothing,UPI
683,1328,5697,2024-07-26,Clothing,Credit Card
684,1246,2774,2023-09-13,Electronics,Net Banking
685,1447,836,2025-05-16,Books,UPI
686,1190,1652,2024-06-13,Books,Cash
687,1283,597,2024-08-20,Electronics,Cash
688,1478,2007,2024-08-17,Books,Cash
689,1052,5148,2024-12-04,Clothing,UPI
690,1364,1663,2025-05-10,Home,UPI
691,1433,3229,2024-10-27,Grocery,Cash
692,1264,3042,2023-08-23,Clothing,Cash
693,1435,772,2025-03-30,Clothing,UPI
694,1063,791,2025-07-12,Home,Net Banking
695,1145,4010,2024-09-19,Books,Credit Card
696,1042,1139,2024-04-01,Home,Cash
697,1390,3362,2024-06-09,Clothing,UPI
698,1082,1120,2025-02-25,Electronics,Net Banking
699,1139,1355,2024-06-21,Electronics,Net Banking
700,1230,3311,2024-03-09,Clothing,Net Banking
701,1463,2148,2023-11-15,Electronics,Cash
702,1262,1881,2024-01-15,Books,UPI
703,1075,1024,2025-03-18,Home,Credit Card
704,1425,2731,2024-08-16,Grocery,UPI
705,1223,1194,2024-11-02,Home,UPI
706,1046,3648,2024-10-15,Grocery,Net Banking
707,1484,1044,2024-08-06,Clothing,Credit Card
708,1466,1864,2023-09-02,Clothing,Cash
709,1113,3695,2024-10-31,Grocery,Cash
710,1418,3118,2025-07-10,Electronics,Net Banking
711,1230,3299,2023-08-10,Clothing,Cash
712,1452,2235,2025-01-27,Books,UPI
713,1178,836,2024-11-09,Books,Net Banking
714,1476,4473,2023-11-23,Books,Credit Card
715,1013,2447,2023-09-13,Books,UPI
716,1212,1432,2024-07-08,Grocery,Credit Card
717,1027,1332,2023-11-06,Electronics,Credit Card
718,1202,7019,2024-08-04,Grocery,UPI
719,1257,2122,2024-01-28,Clothing,Credit Card
720,1191,650,2024-01-24,Books,Net Banking
721,1120,5524,2023-12-12,Books,Net Banking
722,1197,1857,2024-01-14,Books,UPI
723,1041,1509,2023-08-07,Clothing,Cash
724,1191,907,2024-11-07,Home,Credit Card
725,1114,2541,2023-10-03,Grocery,UPI
726,1014,4640,2024-05-18,Electronics,Credit Card
727,1163,2610,2025-02-18,Clothing,UPI
728,1476,1633,2023-08-06,Home,Credit Card
729,1050,537,2023-09-21,Home,Cash
730,1429,1960,2025-03-20,Electronics,UPI
731,1365,3014,2024-02-18,Clothing,Net Banking
732,1332,1138,2024-06-23,Home,Cash
733,1171,5689,2025-06-02,Books,Net Banking
734,1405,1670,2025-06-22,Electronics,Cash
735,1074,3183,2024-08-02,Books,Net Banking
736,1070,1731,2024-04-12,Electronics,Cash
737,1019,4232,2023-09-24,Grocery,Credit Card
738,1146,2727,2025-04-17,Grocery,Net Banking
739,1469,6801,2024-11-09,Clothing,Credit Card
740,1424,2776,2025-03-11,Home,UPI
741,1241,3611,2024-07-10,Books,Credit Card
742,1356,2898,2025-05-17,Home,Net Banking
743,1425,847,2023-12-17,Grocery,Cash
744,1071,5443,2024-07-22,Books,Credit Card
745,1388,3198,2023-09-05,Clothing,Cash
746,1361,3681,2023-11-08,Home,UPI
747,1240,4952,2024-02-07,Electronics,UPI
748,1229,5098,2024-03-14,Electronics,Net Banking
749,1315,929,2024-11-29,Books,Cash
750,1002,750,2025-03-16,Electronics,Credit Card
751,1463,1224,2025-06-17,Electronics,Credit Card
752,1040,775,2024-04-22,Grocery,UPI
753,1009,1698,2025-02-16,Clothing,Cash
754,1131,864,2023-09-28,Electronics,Cash
755,1110,922,2025-05-22,Electronics,UPI
756,1427,3123,2025-06-19,Home,Credit Card
757,1076,473,2025-06-19,Books,UPI
758,1280,2519,2025-05-13,Grocery,Cash
759,1481,4461,2023-08-07,Books,Credit Card
760,1372,4436,2023-12-31,Home,UPI
761,1311,3764,2024-09-18,Home,Cash
762,1270,4112,2024-08-25,Home,Cash
763,1216,3943,2023-12-06,Electronics,Net Banking
764,1056,900,2023-09-13,Books,Net Banking
765,1397,2012,2025-05-06,Books,UPI
766,1147,3835,2024-09-21,Books,Credit Card
767,1121,1648,2023-11-08,Clothing,Credit Card
768,1154,1662,2025-02-19,Grocery,Net Banking
769,1062,2970,2024-01-27,Electronics,Cash
770,1024,7499,2025-05-15,Grocery,Net Banking
771,1122,4336,2024-07-30,Electronics,UPI
772,1214,488,2024-09-14,Books,Net Banking
773,1327,2745,2024-10-14,Clothing,Credit Card
774,1406,1011,2024-11-16,Clothing,UPI
775,1318,4539,2023-12-08,Books,Credit Card
776,1234,5790,2024-05-22,Grocery,UPI
777,1032,8320,2024-01-28,Home,Cash
778,1056,4419,2025-07-25,Books,Net Banking
779,1428,3517,2024-03-15,Electronics,Credit Card
780,1463,3614,2024-07-06,Grocery,UPI
781,1255,990,2024-02-13,Home,Net Banking
782,1305,2316,2023-08-11,Clothing,Credit Card
783,1274,2799,2024-06-09,Electronics,Cash
784,1008,1401,2023-10-05,Clothing,UPI
785,1323,3412,2024-10-29,Electronics,Credit Card
786,1263,9081,2023-12-16,Home,Credit Card
787,1294,3805,2024-03-15,Electronics,Cash
788,1123,2374,2025-06-08,Home,UPI
789,1367,3478,2024-11-25,Books,Net Banking
790,1073,2759,2024-12-19,Books,Credit Card
791,1149,1960,2024-07-06,Electronics,UPI
792,1219,637,2023-08-08,Grocery,UPI
793,1000,3990,2023-11-05,Clothing,Cash
794,1314,3427,2024-07-07,Electronics,Credit Card
795,1180,3436,2025-06-29,Electronics,Net Banking
796,1123,5465,2024-07-29,Clothing,Credit Card
797,1292,1624,2024-03-26,Electronics,Credit Card
798,1213,2370,2025-04-10,Clothing,Net Banking
799,1095,1187,2024-08-21,Home,UPI
800,1340,1571,2023-10-08,Grocery,Credit Card
801,1342,731,2024-10-12,Books,UPI
802,1043,1258,2024-11-04,Books,Cash
803,1268,3208,2025-06-01,Grocery,UPI
804,1499,8527,2024-08-12,Clothing,Net Banking
805,1184,871,2025-03-31,Grocery,Net Banking
806,1034,1942,2024-11-05,Clothing,Cash
807,1488,7542,2025-05-16,Grocery,UPI
808,1269,3596,2025-06-08,Electronics,Credit Card
809,1278,3052,2024-04-27,Electronics,Cash
810,1259,1122,2023-09-07,Grocery,Net Banking
811,1402,2103,2024-11-27,Home,UPI
812,1259,1467,2024-10-29,Grocery,Net Banking
813,1283,3365,2025-07-10,Books,Credit Card
814,1010,3422,2024-06-28,Electronics,Cash
815,1199,1702,2024-10-03,Grocery,Cash
816,1447,1981,2025-06-26,Books,Net Banking
817,1240,5477,2024-09-13,Electronics,Cash
818,1022,5910,2024-11-22,Home,UPI
819,1325,1838,2025-05-29,Home,UPI
820,1198,1882,2025-02-10,Books,Net Banking
821,1191,821,2025-02-08,Grocery,Net Banking
822,1129,1975,2024-12-13,Electronics,Cash
823,1382,2527,2025-04-13,Home,Net Banking
824,1008,3249,2024-02-11,Books,UPI
825,1182,2036,2024-10-09,Clothing,Credit Card
826,1403,6203,2024-03-18,Grocery,UPI
827,1034,6415,2025-03-17,Clothing,Cash
828,1176,8672,2024-07-16,Grocery,Net Banking
829,1123,3243,2025-05-14,Electronics,Net Banking
830,1375,1965,2024-09-13,Books,Net Banking
831,1336,3069,2024-11-09,Electronics,Cash
832,1321,2076,2024-12-13,Clothing,Credit Card
833,1053,5501,2023-10-23,Books,Cash
834,1395,3994,2024-05-05,Electronics,UPI
835,1297,1690,2024-04-16,Electronics,Credit Card
836,1376,4042,2024-03-08,Electronics,Net Banking
837,1387,403,2025-07-04,Clothing,UPI
838,1170,6703,2023-08-14,Electronics,Net Banking
839,1068,1384,2024-07-27,Home,Credit Card
840,1022,6119,2024-12-14,Grocery,Cash
841,1180,1689,2023-08-24,Home,UPI
842,1279,2644,2023-09-08,Clothing,Cash
843,1173,1903,2023-11-14,Clothing,UPI
844,1416,3460,2023-09-30,Electronics,Net Banking
845,1329,867,2025-02-18,Books,Net Banking
846,1089,184,2025-06-11,Home,Cash
847,1425,5824,2024-07-29,Clothing,Net Banking
848,1398,6660,2025-07-12,Grocery,Credit Card
849,1350,1686,2023-12-15,Clothing,Credit Card
850,1237,1200,2025-02-14,Home,Credit Card
851,1356,2089,2025-04-28,Grocery,Credit Card
852,1245,885,2023-09-25,Grocery,UPI
853,1323,3227,2024-09-28,Electronics,UPI
854,1093,1843,2023-08-18,Books,Credit Card
855,1415,1640,2024-08-25,Grocery,UPI
856,1069,1517,2023-09-12,Electronics,Credit Card
857,1032,2299,2024-01-15,Books,Cash
858,1366,1867,2024-12-22,Electronics,UPI
859,1397,2345,2023-11-18,Clothing,Credit Card
860,1483,1405,2024-01-12,Clothing,Credit Card
861,1234,4993,2023-12-23,Books,Cash
862,1018,3227,2024-03-14,Electronics,Cash
863,1150,2358,2023-11-27,Home,Net Banking
864,1103,999,2025-02-04,Electronics,Credit Card
865,1022,4781,2024-03-03,Home,Net Banking
866,1405,1467,2024-05-09,Grocery,UPI
867,1102,2637,2023-08-03,Grocery,Credit Card
868,1453,1521,2025-05-12,Grocery,Credit Card
869,1021,3995,2023-09-08,Electronics,UPI
870,1161,1494,2025-07-03,Books,Cash
871,1477,4054,2025-01-09,Home,Credit Card
872,1158,1279,2023-12-30,Electronics,Cash
873,1263,314,2023-08-02,Grocery,Credit Card
874,1203,1406,2023-08-12,Clothing,Net Banking
875,1417,3020,2024-07-08,Grocery,Cash
876,1278,834,2024-06-28,Books,Net Banking
877,1242,2181,2024-01-19,Grocery,Credit Card
878,1129,2185,2025-02-27,Books,Net Banking
879,1018,7440,2024-08-28,Clothing,Credit Card
880,1385,1171,2024-10-13,Home,Credit Card
881,1331,6930,2024-07-26,Grocery,Net Banking
882,1097,1177,2023-08-21,Books,Credit Card
883,1146,3656,2025-03-23,Home,UPI
884,1182,1921,2024-03-07,Clothing,Credit Card
885,1441,1697,2024-02-02,Books,Credit Card
886,1399,628,2025-07-01,Clothing,UPI
887,1024,3639,2025-04-16,Clothing,Cash
888,1443,4897,2024-05-19,Electronics,UPI
889,1335,3553,2025-01-08,Home,UPI
890,1169,1380,2024-04-01,Electronics,UPI
891,1139,1839,2025-07-26,Clothing,UPI
892,1063,2121,2023-08-08,Books,Cash
893,1409,3864,2024-02-29,Grocery,Credit Card
894,1188,5341,2024-10-05,Electronics,Net Banking
895,1223,1995,2025-06-19,Grocery,Cash
896,1455,369,2024-03-11,Electronics,Cash
897,1204,363,2025-07-21,Home,Credit Card
898,1380,1267,2024-02-03,Grocery,UPI
899,1225,4762,2025-04-24,Electronics,UPI
900,1458,3705,2023-09-22,Clothing,Cash
901,1489,4017,2024-03-20,Books,Net Banking
902,1197,1343,2024-02-05,Clothing,UPI
903,1173,1721,2023-08-20,Home,Cash
904,1498,4663,2024-02-13,Home,Net Banking
905,1095,7144,2024-08-30,Electronics,Net Banking
906,1254,4730,2023-07-31,Clothing,Net Banking
907,1354,4732,2025-07-26,Grocery,Net Banking
908,1254,1290,2024-01-27,Electronics,Cash
909,1188,3899,2025-06-10,Electronics,Cash
910,1473,719,2024-10-06,Clothing,Net Banking
911,1408,5206,2024-10-22,Books,UPI
912,1265,3184,2025-03-11,Home,UPI
913,1136,1985,2024-01-29,Grocery,Cash
914,1410,233,2024-09-24,Home,Net Banking
915,1042,1935,2025-04-11,Electronics,Net Banking
916,1372,2456,2024-08-01,Books,Cash
917,1217,2649,2023-12-16,Electronics,Cash
918,1040,2008,2024-12-06,Books,Cash
919,1220,1584,2024-07-13,Clothing,Credit Card
920,1308,1165,2024-01-05,Home,Credit Card
921,1421,7140,2025-02-20,Electronics,Net Banking
922,1092,8501,2024-07-19,Books,Credit Card
923,1279,2899,2024-08-08,Books,UPI
924,1150,1251,2023-10-13,Electronics,Net Banking
925,1164,950,2023-12-18,Home,Credit Card
926,1052,1996,2025-05-17,Clothing,Net Banking
927,1040,8286,2024-07-19,Clothing,UPI
928,1167,3004,2025-03-24,Grocery,UPI
929,1338,5559,2024-10-28,Grocery,Net Banking
930,1151,5488,2024-04-02,Grocery,Credit Card
931,1156,3988,2024-09-15,Home,Net Banking
932,1228,880,2025-01-03,Grocery,UPI
933,1308,5502,2024-02-29,Grocery,Credit Card
934,1367,780,2025-01-15,Home,Credit Card
935,1218,1297,2024-04-15,Grocery,Cash
936,1085,3098,2025-01-14,Clothing,Net Banking
937,1353,1837,2024-03-10,Electronics,UPI
938,1227,3075,2024-11-14,Clothing,UPI
939,1179,735,2024-04-22,Clothing,Net Banking
940,1228,1300,2024-10-04,Books,Net Banking
941,1021,3872,2023-12-30,Electronics,UPI
942,1372,12592,2023-07-31,Clothing,UPI
943,1445,6374,2024-03-23,Electronics,Net Banking
944,1466,512,2024-12-23,Clothing,Net Banking
945,1180,1991,2024-06-08,Home,Credit Card
946,1314,1482,2025-07-25,Home,Cash
947,1222,2439,2024-12-02,Grocery,UPI
948,1140,3070,2025-03-24,Home,Credit Card
949,1327,1562,2023-08-29,Electronics,Net Banking
950,1405,5024,2024-09-17,Books,Cash
951,1485,5637,2025-01-01,Grocery,UPI
952,1029,5427,2024-02-26,Clothing,Cash
953,1038,1111,2024-12-05,Home,Credit Card
954,1343,3187,2024-12-16,Grocery,Net Banking
955,1326,5089,2024-01-03,Home,Credit Card
956,1207,4447,2024-09-04,Grocery,Cash
957,1186,4238,2024-07-15,Electronics,Credit Card
958,1262,6451,2024-03-11,Electronics,Credit Card
959,1410,1711,2024-11-20,Clothing,Net Banking
960,1383,418,2024-09-13,Grocery,Net Banking
961,1347,1969,2024-03-07,Books,Cash
962,1081,2063,2025-06-28,Electronics,Cash
963,1487,11427,2025-06-16,Clothing,Credit Card
964,1015,1451,2024-06-18,Grocery,UPI
965,1073,5553,2023-08-21,Clothing,Credit Card
966,1434,10016,2023-11-29,Electronics,Cash
967,1311,8588,2024-10-08,Clothing,Credit Card
968,1347,2462,2024-01-12,Grocery,Net Banking
969,1400,4494,2023-12-19,Home,Credit Card
970,1224,2991,2023-10-18,Books,Net Banking
971,1017,1246,2024-03-01,Electronics,UPI
972,1064,6188,2024-01-07,Grocery,Net Banking
973,1034,3847,2025-03-23,Grocery,UPI
974,1120,1107,2025-04-10,Clothing,UPI
975,1398,1843,2025-03-18,Electronics,Credit Card
976,1330,2210,2024-09-15,Home,Cash
977,1187,5697,2024-07-05,Home,Cash
978,1185,845,2023-10-09,Books,Credit Card
979,1196,841,2024-12-15,Books,UPI
980,1486,2946,2023-07-31,Clothing,Cash
981,1290,1043,2025-06-29,Electronics,Net Banking
982,1016,2164,2024-01-31,Home,Cash
983,1309,1659,2025-03-31,Electronics,UPI
984,1078,254,2024-05-30,Clothing,UPI
985,1347,1392,2024-08-12,Electronics,Net Banking
986,1230,2109,2025-05-20,Electronics,Credit Card
987,1485,4857,2023-11-03,Electronics,Cash
988,1189,8685,2024-02-08,Clothing,Credit Card
989,1190,1274,2024-01-14,Clothing,Cash
990,1227,2849,2024-03-30,Clothing,Net Banking
991,1390,3625,2024-03-25,Home,Credit Card
992,1039,10850,2025-04-22,Grocery,Cash
993,1293,1590,2024-09-09,Electronics,Cash
994,1070,1208,2024-08-05,Books,UPI
995,1271,1863,2023-10-20,Books,UPI
996,1187,1200,2025-04-23,Grocery,Cash
997,1203,4052,2024-03-17,Electronics,UPI
998,1160,4966,2025-01-30,Electronics,Cash
999,1332,3027,2025-01-25,Electronics,Cash
1000,1142,2875,2025-04-08,Clothing,UPI
1001,1127,6275,2025-05-25,Home,UPI
1002,1491,2124,2024-03-30,Clothing,UPI
1003,1058,4402,2025-02-04,Electronics,Credit Card
1004,1013,2094,2024-01-22,Grocery,Net Banking
1005,1376,869,2025-02-13,Electronics,Cash
1006,1095,5626,2024-06-23,Electronics,Net Banking
1007,1255,3165,2025-07-12,Home,Credit Card
1008,1265,5276,2024-03-23,Electronics,Credit Card
1009,1198,3436,2024-12-13,Clothing,Cash
1010,1467,3747,2024-05-04,Books,Cash
1011,1287,1232,2025-06-29,Home,Net Banking
1012,1060,3677,2024-09-26,Home,Net Banking
1013,1134,6234,2023-09-15,Home,UPI
1014,1396,2341,2024-07-07,Electronics,Net Banking
1015,1133,1522,2023-10-31,Home,Net Banking
1016,1360,4517,2023-08-25,Home,Credit Card
1017,1228,763,2025-07-18,Clothing,Net Banking
1018,1109,6784,2025-06-17,Grocery,UPI
1019,1313,2073,2024-05-12,Clothing,Net Banking
1020,1146,4412,2024-12-15,Clothing,Cash
1021,1355,3185,2024-04-27,Grocery,UPI
1022,1469,5645,2025-03-22,Grocery,Cash
1023,1251,5851,2023-08-15,Home,Credit Card
1024,1102,2935,2024-04-21,Clothing,UPI
1025,1062,7637,2024-05-30,Electronics,UPI
1026,1069,696,2024-11-28,Books,Net Banking
1027,1436,3611,2024-10-04,Books,UPI
1028,1037,6310,2025-04-14,Books,Credit Card
1029,1231,3734,2024-05-18,Clothing,Credit Card
1030,1088,1519,2023-12-11,Grocery,Credit Card
1031,1460,2983,2024-03-19,Home,UPI
1032,1365,1626,2023-08-14,Home,UPI
1033,1227,1581,2024-08-31,Books,Net Banking
1034,1044,3096,2024-04-21,Home,Credit Card
1035,1414,111,2025-07-03,Electronics,Net Banking
1036,1349,2136,2025-01-26,Electronics,Credit Card
1037,1495,2884,2024-03-27,Grocery,Net Banking
1038,1432,2753,2024-10-14,Home,Cash
1039,1163,1330,2024-09-04,Clothing,Cash
1040,1341,3715,2023-09-15,Home,Credit Card
1041,1177,2635,2024-11-17,Clothing,Net Banking
1042,1363,9187,2024-10-10,Books,UPI
1043,1033,3841,2024-12-10,Clothing,UPI
1044,1281,1669,2023-09-30,Books,UPI
1045,1277,4450,2023-08-09,Electronics,Net Banking
1046,1148,480,2024-06-06,Home,Cash
1047,1456,2738,2024-01-05,Grocery,UPI
1048,1153,3170,2025-02-07,Home,Credit Card
1049,1435,2762,2024-08-31,Books,Cash
1050,1080,1261,2024-07-23,Home,Credit Card
1051,1364,2702,2024-09-18,Grocery,Net Banking
1052,1363,904,2024-12-29,Books,UPI
1053,1474,7733,2025-05-16,Books,Credit Card
1054,1358,2719,2025-04-09,Grocery,Net Banking
1055,1326,3616,2025-04-01,Home,UPI
1056,1089,655,2023-12-18,Grocery,Net Banking
1057,1406,1556,2024-11-29,Clothing,Credit Card
1058,1185,3905,2025-02-03,Electronics,Cash
1059,1260,5103,2023-09-09,Grocery,Credit Card
1060,1114,1133,2023-12-01,Books,Credit Card
1061,1062,3605,2024-11-09,Clothing,Cash
1062,1102,1884,2023-11-08,Electronics,Net Banking
1063,1405,440,2025-06-14,Grocery,Net Banking
1064,1071,1512,2024-05-02,Electronics,Credit Card
1065,1121,5222,2023-12-12,Home,Credit Card
1066,1404,5621,2024-11-06,Books,Net Banking
1067,1252,3088,2023-08-31,Grocery,Cash
1068,1013,2822,2024-08-11,Books,UPI
1069,1184,1855,2025-05-02,Clothing,Cash
1070,1283,197,2025-01-20,Clothing,Credit Card
1071,1293,3353,2024-05-07,Electronics,Net Banking
1072,1188,1214,2023-11-24,Clothing,Cash
1073,1239,6195,2023-12-10,Clothing,Credit Card
1074,1411,851,2024-09-15,Grocery,UPI
1075,1282,5429,2025-07-29,Books,UPI
1076,1066,421,2025-03-01,Electronics,Cash
1077,1313,11509,2024-11-22,Clothing,Credit Card
1078,1452,684,2023-12-12,Books,Credit Card
1079,1044,5633,2025-07-27,Home,UPI
1080,1033,1475,2025-06-04,Grocery,Net Banking
1081,1158,3889,2024-09-04,Clothing,Net Banking
1082,1203,7768,2025-06-28,Clothing,Cash
1083,1367,2025,2024-01-29,Clothing,Cash
1084,1368,10834,2023-09-12,Books,UPI
1085,1245,7896,2023-08-02,Grocery,Credit Card
1086,1269,593,2023-12-28,Grocery,Net Banking
1087,1210,2496,2024-10-27,Books,Net Banking
1088,1393,2084,2024-03-09,Electronics,Net Banking
1089,1209,2626,2024-08-10,Grocery,Net Banking
1090,1421,1865,2024-06-30,Books,UPI
1091,1294,1140,2024-11-16,Books,Net Banking
1092,1037,2382,2024-10-03,Clothing,Credit Card
1093,1064,3798,2024-07-08,Books,Net Banking
1094,1497,108,2023-12-26,Clothing,Cash
1095,1162,4786,2025-04-24,Home,Credit Card
1096,1328,2875,2023-11-11,Books,Net Banking
1097,1037,6896,2024-11-26,Grocery,UPI
1098,1230,1742,2024-10-12,Clothing,UPI
1099,1238,1547,2025-04-20,Home,Net Banking
1100,1348,1260,2023-11-27,Electronics,Cash
1101,1264,3654,2023-08-05,Electronics,UPI
1102,1176,364,2024-11-30,Electronics,Credit Card
1103,1065,1342,2025-05-20,Clothing,Cash
1104,1449,2907,2025-03-14,Books,UPI
1105,1424,582,2025-03-13,Clothing,Cash
1106,1399,2686,2025-07-14,Electronics,UPI
1107,1282,6085,2024-06-02,Books,UPI
1108,1327,5560,2023-09-08,Home,Cash
1109,1300,2297,2024-02-24,Electronics,Net Banking
1110,1093,4977,2025-02-21,Grocery,Net Banking
1111,1393,3548,2024-08-26,Books,Cash
1112,1494,2905,2023-09-08,Clothing,UPI
1113,1066,3980,2024-11-04,Clothing,UPI
1114,1221,1859,2024-08-08,Grocery,UPI
1115,1257,2001,2025-01-07,Clothing,UPI
1116,1466,3478,2024-12-31,Grocery,UPI
1117,1444,2500,2024-08-05,Electronics,Net Banking
1118,1028,5455,2024-07-25,Electronics,UPI
1119,1425,4368,2024-09-12,Clothing,Cash
1120,1063,4351,2024-07-06,Books,UPI
1121,1265,3748,2025-01-18,Clothing,UPI
1122,1078,2881,2024-12-16,Electronics,Net Banking
1123,1155,4279,2024-12-22,Books,Credit Card
1124,1084,5148,2024-09-01,Grocery,Credit Card
1125,1082,3315,2024-01-16,Electronics,UPI
1126,1165,1222,2025-05-17,Grocery,Net Banking
1127,1478,2543,2025-07-06,Home,UPI
1128,1363,603,2023-07-31,Books,Credit Card
1129,1115,5923,2025-01-01,Electronics,Net Banking
1130,1177,4290,2025-01-14,Grocery,Cash
1131,1485,1208,2024-08-12,Grocery,Cash
1132,1481,1456,2024-02-15,Grocery,Net Banking
1133,1265,6101,2024-06-15,Clothing,Cash
1134,1458,1384,2024-07-20,Clothing,Net Banking
1135,1145,569,2023-10-04,Home,UPI
1136,1433,862,2024-02-28,Home,UPI
1137,1040,1976,2024-05-03,Grocery,Credit Card
1138,1128,1719,2024-03-05,Clothing,UPI
1139,1100,1838,2025-03-23,Books,UPI
1140,1325,4162,2023-10-08,Books,Credit Card
1141,1489,1557,2025-07-21,Grocery,Net Banking
1142,1282,3412,2023-10-11,Clothing,UPI
1143,1140,883,2023-12-28,Books,UPI
1144,1064,5717,2025-06-07,Clothing,UPI
1145,1320,971,2025-06-16,Home,Credit Card
1146,1155,2556,2024-09-17,Grocery,Net Banking
1147,1314,2258,2023-08-18,Grocery,Credit Card
1148,1273,3219,2024-05-06,Clothing,Cash
1149,1047,4438,2024-07-27,Clothing,UPI
1150,1257,1762,2023-08-23,Electronics,Cash
1151,1328,4520,2024-04-26,Books,Net Banking
1152,1086,5457,2023-12-19,Home,UPI
1153,1303,2125,2023-08-22,Books,Cash
1154,1482,7883,2024-11-20,Electronics,Cash
1155,1297,3215,2024-04-29,Clothing,Cash
1156,1078,1907,2024-07-29,Books,UPI
1157,1087,2680,2025-02-07,Grocery,UPI
1158,1337,7883,2025-01-16,Books,UPI
1159,1319,3307,2024-04-23,Clothing,UPI
1160,1368,3305,2025-03-27,Books,Credit Card
1161,1461,3532,2025-05-05,Electronics,Cash
1162,1309,4789,2025-05-08,Home,Credit Card
1163,1172,3267,2024-04-23,Clothing,Net Banking
1164,1431,3872,2023-11-27,Grocery,Cash
1165,1473,2643,2025-06-26,Electronics,UPI
1166,1288,2880,2025-06-03,Clothing,UPI
1167,1021,4968,2023-08-03,Grocery,UPI
1168,1422,1336,2023-08-28,Grocery,Credit Card
1169,1442,2546,2025-02-09,Clothing,UPI
1170,1014,2022,2024-07-14,Electronics,Cash
1171,1041,676,2025-05-09,Grocery,Cash
1172,1023,773,2024-03-17,Home,Net Banking
1173,1485,2529,2024-10-31,Electronics,Cash
1174,1328,5127,2024-10-24,Grocery,UPI
1175,1394,2939,2024-06-14,Clothing,Cash
1176,1295,1562,2025-05-24,Clothing,Cash
1177,1135,6306,2023-09-28,Electronics,Credit Card
1178,1333,1830,2024-05-17,Grocery,Cash
1179,1107,1025,2024-03-16,Grocery,Net Banking
1180,1392,7970,2024-08-05,Electronics,Cash
1181,1292,2666,2024-10-01,Electronics,Credit Card
1182,1213,7254,2023-08-21,Electronics,Credit Card
1183,1316,2494,2024-07-20,Home,Cash
1184,1327,2541,2024-06-02,Home,Cash
1185,1015,643,2024-05-15,Home,Credit Card
1186,1254,1789,2024-11-14,Clothing,UPI
1187,1455,3546,2023-10-30,Home,Cash
1188,1321,4060,2024-10-18,Home,Credit Card
1189,1279,2800,2025-01-16,Home,Cash
1190,1148,1982,2023-08-20,Grocery,Credit Card
1191,1328,2566,2025-01-26,Books,UPI
1192,1489,976,2024-11-15,Home,Net Banking
1193,1154,6510,2024-12-30,Electronics,Cash
1194,1247,4412,2024-11-09,Home,Cash
1195,1125,2299,2023-10-28,Books,Net Banking
1196,1412,1720,2024-07-07,Clothing,Net Banking
1197,1413,8298,2024-12-08,Clothing,Cash
1198,1350,1501,2023-11-12,Home,UPI
1199,1207,2110,2024-05-02,Electronics,Cash
1200,1152,6690,2024-03-29,Electronics,Net Banking
1201,1232,3012,2024-05-12,Grocery,Credit Card
1202,1037,488,2024-10-30,Electronics,UPI
1203,1352,3101,2025-02-22,Grocery,Cash
1204,1030,1560,2024-05-17,Grocery,Cash
1205,1080,634,2024-07-08,Electronics,Credit Card
1206,1225,1626,2024-10-12,Electronics,Credit Card
1207,1212,953,2024-01-15,Grocery,UPI
1208,1247,1261,2023-09-23,Clothing,UPI
1209,1237,2984,2024-01-09,Home,Cash
1210,1104,711,2024-03-05,Clothing,Cash
1211,1174,4738,2024-10-04,Electronics,Net Banking
1212,1310,1960,2023-11-17,Books,Cash
1213,1073,1345,2024-08-03,Electronics,Credit Card
1214,1160,1943,2024-08-31,Grocery,UPI
1215,1441,961,2024-01-09,Books,Cash
1216,1367,959,2023-09-04,Books,UPI
1217,1163,1826,2025-01-29,Home,Cash
1218,1375,3101,2025-02-05,Electronics,Credit Card
1219,1440,3561,2025-06-14,Home,Net Banking
1220,1176,1699,2024-09-27,Clothing,Net Banking
1221,1499,2127,2024-08-10,Books,UPI
1222,1204,2951,2024-09-06,Home,Credit Card
1223,1066,6938,2023-09-14,Clothing,Credit Card
1224,1389,2635,2023-10-04,Electronics,Credit Card
1225,1189,1455,2025-03-29,Electronics,Cash
1226,1263,1141,2024-09-16,Grocery,Net Banking
1227,1287,4776,2023-10-09,Clothing,Credit Card
1228,1054,189,2024-04-14,Clothing,Cash
1229,1163,1633,2024-06-04,Home,UPI
1230,1123,1133,2023-11-23,Books,Cash
1231,1238,4364,2025-07-07,Books,Cash
1232,1062,5958,2024-03-28,Grocery,Credit Card
1233,1136,2096,2023-09-03,Grocery,UPI
1234,1230,1320,2024-03-12,Grocery,Net Banking
1235,1126,2249,2025-04-05,Clothing,UPI
1236,1072,3385,2024-05-03,Electronics,UPI
1237,1049,3741,2025-04-11,Electronics,UPI
1238,1025,2249,2024-10-11,Home,UPI
1239,1148,6008,2023-08-28,Books,Credit Card
1240,1484,1557,2024-10-22,Books,Cash
1241,1196,1833,2024-05-29,Home,Net Banking
1242,1442,1912,2024-04-07,Clothing,Net Banking
1243,1315,3080,2025-03-27,Electronics,Cash
1244,1214,4567,2023-10-05,Grocery,Net Banking
1245,1127,777,2024-11-07,Electronics,UPI
1246,1492,909,2024-05-29,Home,Credit Card
1247,1443,3121,2024-01-08,Electronics,UPI
1248,1461,933,2025-04-13,Grocery,UPI
1249,1081,1999,2023-12-26,Books,Credit Card
1250,1416,1902,2024-01-31,Home,Net Banking
1251,1167,5562,2025-06-13,Clothing,Credit Card
1252,1478,7344,2024-10-15,Electronics,Cash
1253,1295,1669,2025-06-01,Electronics,Cash
1254,1369,3682,2024-03-07,Clothing,Cash
1255,1160,1917,2023-11-30,Clothing,Credit Card
1256,1097,4394,2024-11-18,Grocery,Cash
1257,1390,907,2025-06-16,Electronics,UPI
1258,1081,5444,2025-05-27,Home,UPI
1259,1255,1503,2025-07-10,Electronics,Cash
1260,1263,663,2024-09-07,Grocery,Cash
1261,1239,1598,2024-01-05,Home,Cash
1262,1255,2022,2023-12-11,Home,Cash
1263,1450,956,2024-12-01,Home,Credit Card
1264,1157,2412,2023-09-22,Grocery,Credit Card
1265,1254,4015,2023-09-28,Electronics,UPI
1266,1011,1240,2024-11-08,Books,Net Banking
1267,1046,6845,2025-01-10,Home,UPI
1268,1483,10694,2024-12-18,Clothing,Credit Card
1269,1201,2052,2024-12-12,Grocery,UPI
1270,1258,3840,2024-06-28,Home,UPI
1271,1234,3313,2024-12-10,Grocery,Credit Card
1272,1494,2245,2024-08-27,Clothing,Net Banking
1273,1123,2062,2023-12-13,Home,Credit Card
1274,1110,460,2023-11-11,Electronics,UPI
1275,1298,2232,2023-09-14,Grocery,Credit Card
1276,1180,4354,2024-06-03,Home,Net Banking
1277,1024,1542,2023-11-12,Home,Net Banking
1278,1025,6724,2024-02-02,Grocery,Credit Card
1279,1144,3352,2025-01-31,Clothing,Credit Card
1280,1253,5457,2025-01-10,Grocery,Credit Card
1281,1305,2099,2024-01-22,Books,Cash
1282,1451,2822,2024-12-01,Electronics,UPI
1283,1431,3777,2025-02-22,Clothing,UPI
1284,1334,1909,2024-03-08,Electronics,Net Banking
1285,1344,5272,2025-01-19,Electronics,UPI
1286,1240,1572,2024-01-09,Grocery,Cash
1287,1146,8452,2023-08-12,Books,Net Banking
1288,1274,882,2025-04-14,Home,Credit Card
1289,1004,3568,2025-02-15,Books,Credit Card
1290,1433,1434,2025-06-30,Clothing,Net Banking
1291,1055,1096,2025-07-27,Books,Net Banking
1292,1220,1148,2024-06-13,Electronics,Net Banking
1293,1068,91,2024-08-08,Home,Cash
1294,1451,1005,2023-08-17,Books,Credit Card
1295,1135,4527,2023-12-27,Home,Cash
1296,1372,4259,2024-12-11,Books,Credit Card
1297,1187,833,2023-12-21,Home,Net Banking
1298,1391,3534,2025-06-28,Books,Cash
1299,1206,1348,2024-03-16,Clothing,UPI
1300,1187,350,2023-09-10,Home,Credit Card
1301,1023,4574,2025-04-01,Grocery,Net Banking
1302,1205,5004,2024-04-29,Electronics,Net Banking
1303,1026,1579,2025-04-11,Home,Cash
1304,1291,5501,2025-03-27,Electronics,UPI
1305,1287,2334,2025-05-04,Books,UPI
1306,1099,2692,2024-03-25,Books,Credit Card
1307,1185,2230,2024-11-05,Books,Credit Card
1308,1283,814,2025-05-28,Books,Credit Card
1309,1147,2043,2024-06-22,Books,Cash
1310,1037,852,2024-06-10,Clothing,Net Banking
1311,1197,3649,2024-03-28,Electronics,Cash
1312,1258,3929,2024-03-04,Home,Net Banking
1313,1230,342,2024-11-23,Clothing,Net Banking
1314,1391,3821,2025-04-09,Clothing,Net Banking
1315,1281,2340,2023-11-14,Clothing,UPI
1316,1143,448,2023-09-22,Clothing,Cash
1317,1422,2893,2023-12-06,Clothing,Cash
1318,1319,1854,2025-02-11,Electronics,Cash
1319,1348,1368,2024-07-19,Home,UPI
1320,1312,868,2024-09-17,Electronics,UPI
1321,1060,3233,2024-01-24,Home,Net Banking
1322,1065,2652,2024-02-12,Clothing,UPI
1323,1499,2748,2024-03-11,Clothing,Credit Card
1324,1049,5344,2024-04-08,Books,Credit Card
1325,1201,6705,2024-10-07,Grocery,Credit Card
1326,1191,257,2024-06-26,Grocery,Cash
1327,1406,3255,2024-09-17,Electronics,Credit Card
1328,1173,1619,2023-08-09,Electronics,UPI
1329,1285,3615,2025-04-22,Home,Cash
1330,1480,1297,2024-03-18,Books,Cash
1331,1187,8419,2024-11-19,Home,Credit Card
1332,1386,3725,2023-09-15,Books,Net Banking
1333,1073,2141,2025-03-22,Grocery,Net Banking
1334,1101,5562,2024-02-02,Grocery,UPI
1335,1308,1178,2024-08-22,Books,Credit Card
1336,1260,3843,2024-04-15,Home,UPI
1337,1205,2076,2024-03-12,Electronics,Net Banking
1338,1256,2300,2025-02-11,Books,Net Banking
1339,1020,10575,2024-07-01,Books,Credit Card
1340,1023,3303,2025-07-26,Books,Net Banking
1341,1019,1297,2025-07-12,Home,Net Banking
1342,1070,2262,2024-08-02,Electronics,Net Banking
1343,1365,1355,2024-08-02,Home,Credit Card
1344,1170,1495,2024-02-18,Clothing,Credit Card
1345,1411,2735,2024-04-19,Clothing,Net Banking
1346,1242,1408,2025-05-12,Books,Net Banking
1347,1265,5543,2025-04-25,Books,Cash
1348,1233,2110,2023-11-09,Books,Credit Card
1349,1076,2383,2024-08-14,Electronics,UPI
1350,1310,1576,2024-10-19,Electronics,UPI
1351,1457,789,2025-06-05,Books,Net Banking
1352,1263,895,2024-05-01,Electronics,Net Banking
1353,1071,2945,2024-12-12,Grocery,Cash
1354,1167,1919,2024-05-18,Books,Cash
1355,1476,3083,2024-04-12,Grocery,Credit Card
1356,1313,5029,2024-02-09,Home,UPI
1357,1163,1337,2024-05-26,Grocery,Cash
1358,1083,9395,2025-07-19,Home,UPI
1359,1201,1059,2025-01-31,Home,Cash
1360,1315,864,2024-03-07,Books,Net Banking
1361,1378,4602,2024-02-23,Books,Cash
1362,1431,2441,2024-12-04,Home,Cash
1363,1153,1285,2025-02-22,Electronics,Credit Card
1364,1303,794,2023-12-07,Clothing,Net Banking
1365,1172,1085,2023-10-31,Grocery,Net Banking
1366,1259,2567,2024-11-25,Home,Credit Card
1367,1424,6202,2024-03-26,Clothing,UPI
1368,1260,483,2024-12-10,Books,Net Banking
1369,1272,2748,2023-12-22,Books,Net Banking
1370,1250,4141,2024-11-16,Home,Credit Card
1371,1362,1649,2025-04-02,Electronics,UPI
1372,1288,6405,2023-09-17,Home,Net Banking
1373,1153,3016,2024-08-11,Grocery,Credit Card
1374,1243,4416,2024-01-16,Clothing,Net Banking
1375,1417,4289,2024-03-24,Electronics,Cash
1376,1008,5380,2023-10-06,Home,UPI
1377,1188,2197,2024-10-21,Grocery,Cash
1378,1169,7131,2024-08-04,Grocery,UPI
1379,1344,2324,2024-02-05,Electronics,Credit Card
1380,1056,2053,2025-05-26,Grocery,Net Banking
1381,1213,1979,2024-07-18,Grocery,Net Banking
1382,1298,1863,2023-11-02,Grocery,Credit Card
1383,1157,1859,2024-11-07,Grocery,Net Banking
1384,1407,2597,2024-01-10,Home,Cash
1385,1460,2657,2024-07-10,Electronics,Credit Card
1386,1371,2628,2025-06-29,Clothing,Cash
1387,1446,2121,2025-07-12,Clothing,UPI
1388,1352,4280,2025-05-12,Grocery,Net Banking
1389,1322,2837,2023-09-17,Home,Cash
1390,1013,3398,2024-11-09,Grocery,Net Banking
1391,1305,1117,2024-07-13,Grocery,UPI
1392,1242,804,2024-06-20,Home,Net Banking
1393,1135,3980,2024-02-16,Books,UPI
1394,1495,4422,2024-12-14,Electronics,Credit Card
1395,1335,1041,2025-05-11,Clothing,Net Banking
1396,1400,928,2024-12-08,Home,Credit Card
1397,1497,5658,2025-02-18,Clothing,UPI
1398,1397,1661,2024-04-14,Home,Credit Card
1399,1296,1405,2025-05-28,Home,Cash
1400,1295,923,2023-11-30,Books,Credit Card
1401,1116,933,2023-11-04,Grocery,Cash
1402,1369,9247,2024-11-28,Electronics,UPI
1403,1026,2229,2024-08-30,Books,UPI
1404,1298,1929,2025-02-01,Clothing,Net Banking
1405,1245,860,2023-08-05,Electronics,Cash
1406,1087,452,2023-11-28,Grocery,Net Banking
1407,1268,7385,2024-08-15,Books,Net Banking
1408,1322,4979,2024-03-23,Home,UPI
1409,1369,2773,2024-12-11,Clothing,Credit Card
1410,1317,1993,2024-08-12,Books,UPI
1411,1396,2695,2025-06-14,Books,UPI
1412,1430,2631,2024-01-25,Electronics,Credit Card
1413,1194,6089,2024-12-07,Clothing,Cash
1414,1075,3284,2024-05-13,Clothing,Cash
1415,1420,1629,2024-08-19,Clothing,Credit Card
1416,1348,1290,2024-08-07,Electronics,Credit Card
1417,1124,2433,2023-11-30,Clothing,Net Banking
1418,1016,2046,2023-10-22,Electronics,Credit Card
1419,1293,3169,2024-11-29,Home,Credit Card
1420,1485,349,2025-04-26,Electronics,Net Banking
1421,1358,2723,2024-03-25,Grocery,Cash
1422,1056,1073,2024-04-03,Clothing,Credit Card
1423,1097,1503,2025-05-04,Grocery,Credit Card
1424,1009,2215,2024-02-06,Grocery,Net Banking
1425,1225,6705,2024-08-26,Home,Credit Card
1426,1160,3500,2024-07-16,Books,Net Banking
1427,1214,2176,2025-03-23,Home,UPI
1428,1077,708,2025-03-06,Electronics,Net Banking
1429,1211,2383,2024-09-29,Electronics,UPI
1430,1353,1050,2023-12-20,Clothing,UPI
1431,1104,4925,2025-01-12,Grocery,Net Banking
1432,1210,2315,2024-10-10,Home,Net Banking
1433,1256,909,2023-11-23,Books,Net Banking
1434,1396,2202,2024-10-12,Home,Cash
1435,1313,4787,2024-01-01,Clothing,Credit Card
1436,1471,4659,2024-02-19,Home,Net Banking
1437,1241,2037,2024-01-18,Books,UPI
1438,1446,4054,2024-06-25,Books,UPI
1439,1434,2870,2025-03-13,Grocery,Net Banking
1440,1376,1847,2025-01-19,Grocery,Credit Card
1441,1372,474,2025-05-18,Clothing,Credit Card
1442,1031,3863,2025-02-18,Grocery,Credit Card
1443,1361,1256,2025-01-06,Electronics,UPI
1444,1070,2800,2025-03-10,Grocery,Net Banking
1445,1265,438,2023-11-13,Electronics,Net Banking
1446,1106,2645,2025-05-11,Home,Net Banking
1447,1287,2203,2023-09-02,Electronics,UPI
1448,1166,3428,2023-08-03,Clothing,Net Banking
1449,1339,1929,2024-04-20,Books,UPI
1450,1244,2548,2025-02-13,Clothing,UPI
1451,1269,4689,2024-04-03,Clothing,Credit Card
1452,1192,8665,2024-01-01,Clothing,Net Banking
1453,1160,10026,2023-12-01,Clothing,Net Banking
1454,1489,11199,2024-01-16,Grocery,Cash
1455,1088,2422,2024-09-15,Home,Credit Card
1456,1235,2802,2023-12-24,Books,UPI
1457,1467,8417,2024-09-19,Electronics,Credit Card
1458,1272,5910,2024-08-09,Electronics,Cash
1459,1175,1495,2023-10-08,Home,Credit Card
1460,1279,1187,2024-05-28,Clothing,Credit Card
1461,1181,325,2023-08-21,Clothing,Cash
1462,1346,3253,2025-02-25,Books,Credit Card
1463,1395,6188,2024-03-17,Electronics,Credit Card
1464,1444,1298,2024-08-11,Clothing,Cash
1465,1369,1347,2025-01-04,Grocery,Cash
1466,1348,3829,2024-10-13,Books,UPI
1467,1329,5156,2023-08-08,Grocery,Cash
1468,1411,2905,2023-08-19,Grocery,Net Banking
1469,1354,1301,2024-11-30,Home,Net Banking
1470,1135,2067,2025-05-11,Home,Net Banking
1471,1312,1832,2024-02-10,Grocery,UPI
1472,1247,3714,2023-09-08,Home,Credit Card
1473,1098,1310,2023-12-02,Grocery,Cash
1474,1490,779,2024-10-04,Clothing,UPI
1475,1126,336,2024-03-14,Home,Credit Card
1476,1142,1513,2024-04-08,Grocery,Cash
1477,1285,4796,2023-12-24,Books,Credit Card
1478,1152,1130,2023-09-12,Books,Cash
1479,1115,523,2024-01-12,Home,Net Banking
1480,1482,802,2025-01-22,Books,Cash
1481,1498,1013,2024-12-03,Electronics,Cash
1482,1152,1527,2024-09-22,Electronics,UPI
1483,1394,715,2025-03-24,Books,UPI
1484,1147,4332,2024-09-10,Grocery,UPI
1485,1360,907,2023-10-21,Books,Net Banking
1486,1106,3042,2025-01-19,Books,Net Banking
1487,1353,1495,2023-08-28,Books,Cash
1488,1360,1219,2023-09-01,Grocery,UPI
1489,1250,4070,2024-10-15,Grocery,Net Banking
1490,1162,2240,2024-07-14,Electronics,Net Banking
1491,1245,5635,2024-09-19,Home,Cash
1492,1178,1555,2025-07-27,Electronics,Cash
1493,1286,897,2024-09-05,Grocery,Credit Card
1494,1478,1830,2023-12-16,Grocery,Credit Card
1495,1478,1400,2025-03-21,Grocery,Cash
1496,1407,7248,2024-06-29,Grocery,Credit Card
1497,1369,1350,2023-12-30,Grocery,Net Banking
1498,1140,3112,2025-07-03,Grocery,Cash
1499,1147,2372,2025-03-08,Clothing,Cash
1500,1062,881,2024-11-02,Clothing,UPI
1501,1293,1138,2025-06-01,Books,Net Banking
1502,1346,2702,2024-09-11,Clothing,Net Banking
1503,1278,2710,2024-09-12,Electronics,UPI
1504,1194,1808,2024-03-22,Books,Credit Card
1505,1458,2186,2025-04-09,Home,Cash
1506,1202,428,2025-05-20,Grocery,Credit Card
1507,1419,1112,2024-09-27,Clothing,Net Banking
1508,1176,4789,2025-02-02,Electronics,Credit Card
1509,1488,1523,2024-09-29,Home,Net Banking
1510,1395,4773,2023-10-17,Grocery,Cash
1511,1411,5281,2024-06-21,Grocery,Cash
1512,1074,5241,2023-08-02,Home,Cash
1513,1148,7070,2024-12-18,Home,UPI
1514,1021,3409,2024-01-23,Home,UPI
1515,1147,6889,2024-02-03,Electronics,UPI
1516,1489,4564,2024-03-16,Books,Cash
1517,1365,381,2024-06-23,Books,Cash
1518,1040,3181,2024-03-16,Clothing,Credit Card
1519,1177,10015,2025-04-30,Grocery,Net Banking
1520,1473,298,2025-07-30,Clothing,UPI
1521,1226,2342,2024-02-17,Books,Cash
1522,1335,865,2025-03-16,Home,Cash
1523,1131,1194,2024-12-30,Grocery,Net Banking
1524,1382,1504,2024-02-05,Books,UPI
1525,1245,3167,2024-07-20,Grocery,UPI
1526,1109,1786,2024-03-24,Clothing,Credit Card
1527,1103,3092,2023-09-21,Books,Cash
1528,1423,8104,2025-07-28,Clothing,Credit Card
1529,1275,4925,2024-05-08,Grocery,Cash
1530,1138,2691,2023-11-04,Electronics,Net Banking
1531,1477,1923,2024-04-24,Home,Credit Card
1532,1287,3348,2024-09-13,Clothing,Cash
1533,1356,378,2025-04-14,Grocery,UPI
1534,1139,1650,2024-03-19,Books,Net Banking
1535,1070,3448,2024-02-07,Clothing,Cash
1536,1055,2655,2024-08-31,Grocery,Credit Card
1537,1315,5146,2024-01-29,Electronics,Credit Card
1538,1379,4646,2024-07-19,Clothing,Cash
1539,1300,3266,2023-10-15,Grocery,Net Banking
1540,1122,1792,2024-07-29,Clothing,Cash
1541,1124,1485,2024-11-02,Grocery,Credit Card
1542,1025,5363,2025-02-08,Home,Credit Card
1543,1342,3286,2023-09-22,Grocery,UPI
1544,1463,1127,2024-06-06,Grocery,UPI
1545,1271,4818,2023-08-15,Grocery,Credit Card
1546,1115,3174,2024-08-23,Books,UPI
1547,1326,2194,2025-01-20,Grocery,UPI
1548,1119,4288,2025-03-17,Home,Cash
1549,1026,3626,2024-04-11,Electronics,Net Banking
1550,1051,6062,2024-01-25,Home,Cash
1551,1211,6030,2024-08-05,Electronics,Cash
1552,1169,1591,2024-08-18,Books,UPI
1553,1367,2363,2024-01-07,Books,UPI
1554,1241,1845,2025-07-21,Books,Net Banking
1555,1051,8059,2025-02-11,Electronics,Net Banking
1556,1348,4325,2024-03-14,Home,Net Banking
1557,1394,2392,2023-11-21,Clothing,Cash
1558,1070,1314,2024-09-12,Books,Net Banking
1559,1002,2585,2023-10-29,Electronics,Credit Card
1560,1493,204,2024-12-06,Home,Credit Card
1561,1281,1905,2025-06-16,Books,Cash
1562,1475,1029,2024-03-16,Grocery,UPI
1563,1080,4740,2024-05-03,Home,Net Banking
1564,1208,1926,2024-01-20,Electronics,Credit Card
1565,1334,2716,2025-01-10,Clothing,Net Banking
1566,1478,2263,2025-05-04,Clothing,Credit Card
1567,1450,4879,2023-11-22,Clothing,Credit Card
1568,1449,4966,2024-08-03,Grocery,Net Banking
1569,1243,3671,2023-10-09,Home,Credit Card
1570,1244,3151,2025-01-16,Books,Net Banking
1571,1333,519,2023-10-19,Home,Credit Card
1572,1102,2110,2025-04-10,Clothing,UPI
1573,1387,5548,2024-12-03,Grocery,Cash
1574,1493,2908,2023-12-29,Clothing,Cash
1575,1147,1931,2024-11-24,Electronics,Net Banking
1576,1164,1663,2024-12-07,Home,Cash
1577,1146,1672,2023-10-15,Grocery,Cash
1578,1330,2690,2025-04-10,Clothing,Cash
1579,1030,1518,2025-04-08,Grocery,Cash
1580,1464,5275,2024-04-19,Electronics,UPI
1581,1393,436,2025-01-06,Electronics,UPI
1582,1045,4243,2025-05-28,Home,Cash
1583,1333,6304,2023-12-02,Grocery,UPI
1584,1293,960,2024-07-26,Clothing,UPI
1585,1118,3929,2024-02-03,Clothing,Cash
1586,1273,3317,2025-03-21,Books,Net Banking
1587,1378,1242,2024-01-05,Clothing,Cash
1588,1370,872,2024-03-05,Home,UPI
1589,1435,3514,2024-08-21,Electronics,Net Banking
1590,1479,8139,2025-07-13,Clothing,UPI
1591,1019,5763,2024-10-25,Books,UPI
1592,1467,3949,2024-12-27,Home,Credit Card
1593,1471,3476,2024-04-03,Home,Credit Card
1594,1089,2906,2023-10-16,Home,Credit Card
1595,1213,2346,2024-02-04,Home,UPI
1596,1451,3649,2024-09-03,Home,Cash
1597,1428,1227,2025-02-18,Home,Cash
1598,1090,4573,2025-02-15,Electronics,UPI
1599,1478,2477,2025-03-06,Electronics,Credit Card
1600,1470,2507,2024-11-28,Books,UPI
1601,1018,7140,2024-11-03,Clothing,Cash
1602,1428,788,2023-09-25,Grocery,Cash
1603,1203,4049,2025-01-30,Electronics,Cash
1604,1403,6552,2023-09-27,Grocery,UPI
1605,1253,3696,2025-07-10,Books,Cash
1606,1095,2970,2024-09-09,Clothing,Cash
1607,1479,2414,2024-05-03,Electronics,Cash
1608,1383,4587,2024-07-04,Electronics,Cash
1609,1492,3591,2025-07-24,Clothing,Net Banking
1610,1446,1972,2025-04-27,Clothing,UPI
1611,1474,2405,2024-04-18,Grocery,UPI
1612,1148,3571,2025-06-24,Grocery,Cash
1613,1448,1099,2025-01-29,Clothing,Credit Card
1614,1019,1521,2024-05-22,Electronics,Cash
1615,1004,6161,2024-12-22,Home,UPI
1616,1152,1874,2023-12-25,Books,Net Banking
1617,1290,875,2025-05-24,Books,Cash
1618,1308,3702,2023-10-22,Grocery,Net Banking
1619,1054,6119,2024-04-14,Clothing,Credit Card
1620,1475,766,2023-07-31,Electronics,Credit Card
1621,1171,5084,2024-12-13,Electronics,Cash
1622,1145,6553,2024-05-21,Grocery,Net Banking
1623,1232,4896,2024-08-06,Grocery,Credit Card
1624,1328,2291,2024-02-28,Home,Cash
1625,1278,5262,2024-08-11,Books,Credit Card
1626,1268,5617,2025-05-26,Books,UPI
1627,1252,926,2024-02-03,Books,Net Banking
1628,1455,4375,2025-03-25,Grocery,Cash
1629,1480,2754,2023-09-15,Home,Credit Card
1630,1068,2672,2024-03-12,Clothing,Credit Card
1631,1435,428,2025-01-25,Grocery,UPI
1632,1258,314,2024-06-04,Home,Cash
1633,1239,2764,2024-09-15,Grocery,Credit Card
1634,1139,2284,2025-07-09,Clothing,Net Banking
1635,1098,2261,2024-05-19,Clothing,Credit Card
1636,1414,2067,2023-10-17,Home,Net Banking
1637,1057,1064,2023-09-12,Electronics,Credit Card
1638,1169,4600,2025-05-17,Clothing,Cash
1639,1083,6489,2025-01-09,Clothing,Cash
1640,1374,630,2024-02-14,Clothing,Cash
1641,1234,4113,2024-06-25,Clothing,Net Banking
1642,1331,806,2025-06-29,Electronics,Cash
1643,1131,2056,2024-03-06,Books,Net Banking
1644,1367,3438,2023-10-30,Books,Net Banking
1645,1095,1392,2024-12-27,Clothing,Net Banking
1646,1007,1196,2023-09-25,Electronics,UPI
1647,1377,2511,2023-10-12,Grocery,Credit Card
1648,1172,4558,2025-06-25,Electronics,Net Banking
1649,1404,1641,2024-10-12,Home,Net Banking
1650,1151,1189,2024-02-29,Grocery,Credit Card
1651,1290,1727,2024-10-07,Books,Cash
1652,1345,5503,2023-10-15,Books,UPI
1653,1387,2554,2025-04-03,Electronics,Credit Card
1654,1098,2707,2024-10-01,Books,Net Banking
1655,1089,1899,2024-12-20,Electronics,Credit Card
1656,1312,2181,2024-02-11,Electronics,Net Banking
1657,1438,4184,2025-01-20,Electronics,Cash
1658,1327,2774,2023-11-08,Electronics,Credit Card
1659,1459,7757,2024-04-15,Electronics,UPI
1660,1207,1709,2024-01-28,Home,Credit Card
1661,1423,6181,2024-05-27,Home,Net Banking
1662,1218,667,2024-09-05,Home,Net Banking
1663,1263,2786,2025-04-09,Electronics,UPI
1664,1167,2519,2024-02-05,Books,Net Banking
1665,1044,6219,2024-05-30,Grocery,Net Banking
1666,1205,1938,2024-08-03,Home,Net Banking
1667,1342,7568,2023-10-16,Clothing,Credit Card
1668,1048,591,2024-06-29,Clothing,Credit Card
1669,1094,1331,2023-12-06,Electronics,UPI
1670,1071,1414,2023-12-15,Grocery,UPI
1671,1244,773,2024-12-09,Home,Cash
1672,1165,2543,2023-11-18,Electronics,Net Banking
1673,1479,2020,2025-03-11,Books,UPI
1674,1127,5092,2023-10-09,Grocery,Net Banking
1675,1003,848,2024-12-11,Books,UPI
1676,1133,9994,2025-03-20,Books,Cash
1677,1196,7268,2023-08-19,Clothing,UPI
1678,1120,1527,2023-09-28,Home,Credit Card
1679,1228,4039,2025-01-13,Electronics,Net Banking
1680,1385,1546,2025-04-12,Books,Credit Card
1681,1136,3955,2024-08-06,Books,UPI
1682,1488,719,2024-04-19,Electronics,UPI
1683,1168,3851,2024-01-29,Grocery,Cash
1684,1154,1810,2023-12-31,Electronics,Cash
1685,1298,614,2023-10-28,Electronics,Cash
1686,1370,2387,2024-01-16,Home,UPI
1687,1293,2486,2024-06-09,Clothing,Cash
1688,1005,2861,2024-03-06,Books,UPI
1689,1133,7644,2024-09-13,Clothing,UPI
1690,1334,1817,2024-07-05,Grocery,Net Banking
1691,1184,2200,2025-02-24,Books,Credit Card
1692,1354,671,2025-05-14,Clothing,Net Banking
1693,1120,3280,2024-08-23,Grocery,Credit Card
1694,1031,2250,2025-01-29,Home,Credit Card
1695,1341,942,2024-02-28,Grocery,UPI
1696,1060,2749,2025-04-20,Clothing,Cash
1697,1238,1118,2024-01-21,Electronics,Cash
1698,1157,9202,2024-11-21,Books,Cash
1699,1081,1924,2025-03-24,Home,Net Banking
1700,1207,860,2025-05-31,Clothing,Cash
1701,1351,3745,2025-03-18,Home,UPI
1702,1257,790,2023-08-09,Grocery,Cash
1703,1472,4850,2024-01-30,Clothing,Cash
1704,1458,769,2024-10-06,Electronics,Cash
1705,1454,4201,2024-07-04,Electronics,Net Banking
1706,1360,5079,2025-05-11,Electronics,UPI
1707,1394,6915,2024-01-05,Electronics,Cash
1708,1159,1262,2025-02-02,Books,Credit Card
1709,1353,4671,2024-10-14,Home,Net Banking
1710,1060,5389,2025-02-20,Clothing,Cash
1711,1327,1437,2023-08-14,Electronics,Cash
1712,1469,501,2025-03-09,Books,Net Banking
1713,1481,757,2024-04-24,Electronics,Credit Card
1714,1151,778,2025-02-14,Electronics,Credit Card
1715,1188,1972,2024-03-27,Grocery,Net Banking
1716,1314,3062,2023-10-20,Clothing,Cash
1717,1113,1675,2025-03-19,Home,Net Banking
1718,1112,2747,2024-09-08,Grocery,Net Banking
1719,1490,5906,2024-12-24,Grocery,Net Banking
1720,1068,1473,2025-02-09,Home,Net Banking
1721,1244,2269,2023-08-15,Electronics,Credit Card
1722,1078,3820,2024-04-11,Electronics,Net Banking
1723,1232,3574,2024-08-07,Clothing,Cash
1724,1382,3717,2025-05-20,Electronics,Cash
1725,1310,1705,2023-10-10,Grocery,UPI
1726,1191,4305,2024-06-13,Grocery,UPI
1727,1212,2752,2024-03-15,Grocery,Net Banking
1728,1359,842,2024-06-10,Home,UPI
1729,1281,2573,2023-11-20,Electronics,Net Banking
1730,1467,2006,2025-05-11,Electronics,Credit Card
1731,1241,268,2024-03-11,Electronics,Credit Card
1732,1387,9227,2025-04-02,Electronics,Credit Card
1733,1275,2568,2023-12-19,Clothing,Credit Card
1734,1410,8703,2025-02-14,Clothing,Cash
1735,1340,3373,2024-11-27,Grocery,Credit Card
1736,1422,1061,2023-08-09,Grocery,Credit Card
1737,1111,933,2025-06-21,Home,Cash
1738,1390,3258,2024-11-08,Books,Net Banking
1739,1126,2893,2024-10-29,Grocery,UPI
1740,1348,1439,2025-04-01,Electronics,Net Banking
1741,1386,2757,2023-08-06,Grocery,Net Banking
1742,1305,8712,2024-07-18,Grocery,UPI
1743,1447,8841,2024-05-07,Clothing,Credit Card
1744,1403,3811,2024-01-08,Electronics,Credit Card
1745,1041,1849,2024-05-23,Home,Credit Card
1746,1269,3017,2025-05-17,Home,Credit Card
1747,1228,1234,2024-01-09,Home,UPI
1748,1270,4011,2025-05-23,Grocery,Credit Card
1749,1360,763,2025-06-14,Home,Credit Card
1750,1185,3040,2024-02-14,Home,Credit Card
1751,1039,5050,2025-07-17,Home,UPI
1752,1469,3590,2023-12-05,Clothing,Cash
1753,1288,1199,2024-10-17,Electronics,UPI
1754,1057,6169,2025-05-16,Clothing,Credit Card
1755,1031,2551,2024-01-05,Electronics,UPI
1756,1424,2598,2025-02-18,Clothing,Net Banking
1757,1280,3943,2024-10-20,Electronics,Net Banking
1758,1462,1227,2024-12-07,Home,Cash
1759,1258,1899,2025-01-26,Books,Credit Card
1760,1103,5508,2024-11-22,Home,Cash
1761,1293,571,2023-12-02,Books,Net Banking
1762,1274,3401,2025-01-02,Home,Cash
1763,1076,1331,2024-08-05,Clothing,Net Banking
1764,1084,1947,2023-09-10,Books,Net Banking
1765,1167,1148,2023-12-22,Home,UPI
1766,1437,1621,2023-08-20,Grocery,Credit Card
1767,1266,2400,2023-10-01,Books,Net Banking
1768,1226,2245,2023-10-19,Electronics,Credit Card
1769,1059,1309,2023-11-09,Clothing,Cash
1770,1348,263,2024-05-19,Home,Cash
1771,1105,1176,2023-09-25,Home,Net Banking
1772,1367,1235,2025-05-23,Electronics,Credit Card
1773,1298,4014,2024-11-25,Home,Net Banking
1774,1250,1096,2023-12-07,Home,Net Banking
1775,1046,1406,2024-03-28,Electronics,UPI
1776,1460,5470,2024-01-11,Electronics,Cash
1777,1261,1873,2024-02-16,Grocery,Credit Card
1778,1228,3392,2025-07-24,Grocery,Cash
1779,1414,1086,2024-12-21,Electronics,UPI
1780,1028,5478,2024-09-19,Books,Cash
1781,1232,2444,2024-10-19,Books,UPI
1782,1067,708,2023-11-29,Books,Cash
1783,1262,4062,2024-03-03,Clothing,Credit Card
1784,1212,2134,2024-08-09,Grocery,UPI
1785,1233,4999,2024-10-08,Books,Cash
1786,1288,5895,2024-02-06,Books,UPI
1787,1029,1836,2024-05-21,Books,Credit Card
1788,1286,2792,2024-07-24,Electronics,Cash
1789,1236,2599,2024-10-29,Home,Net Banking
1790,1344,6637,2023-08-17,Clothing,Credit Card
1791,1413,1206,2023-08-30,Home,Credit Card
1792,1157,612,2023-10-26,Grocery,Credit Card
1793,1370,2134,2025-02-06,Home,Credit Card
1794,1011,1151,2024-10-27,Clothing,Net Banking
1795,1202,2209,2024-04-18,Books,Cash
1796,1130,6321,2025-04-20,Books,Credit Card
1797,1418,3118,2024-03-25,Electronics,Cash
1798,1001,3340,2025-07-22,Electronics,UPI
1799,1381,2070,2024-04-20,Clothing,Credit Card
1800,1111,1458,2024-08-27,Books,Credit Card
1801,1296,2611,2024-08-03,Home,Cash
1802,1037,1404,2024-08-29,Home,Net Banking
1803,1023,3394,2024-08-08,Clothing,UPI
1804,1216,971,2023-07-31,Electronics,Net Banking
1805,1176,1213,2024-04-01,Home,Cash
1806,1358,1951,2024-12-25,Grocery,Credit Card
1807,1032,1601,2024-02-12,Clothing,Cash
1808,1277,2803,2023-11-07,Grocery,Cash
1809,1030,11640,2025-02-24,Grocery,Cash
1810,1478,5413,2025-02-04,Electronics,Cash
1811,1457,4587,2025-05-15,Books,Credit Card
1812,1035,451,2024-01-09,Clothing,UPI
1813,1478,3810,2024-11-08,Books,Credit Card
1814,1241,3887,2025-01-09,Home,Cash
1815,1016,3464,2024-04-30,Home,Cash
1816,1146,1250,2023-07-31,Clothing,Credit Card
1817,1209,2847,2023-10-02,Electronics,Net Banking
1818,1092,3336,2025-07-12,Home,Net Banking
1819,1393,1764,2025-05-26,Home,Net Banking
1820,1069,3598,2025-05-08,Books,Cash
1821,1392,4250,2024-10-28,Home,Credit Card
1822,1328,2178,2023-11-16,Electronics,Credit Card
1823,1373,1006,2025-01-15,Home,Net Banking
1824,1330,449,2025-03-13,Home,Net Banking
1825,1493,2039,2024-10-05,Grocery,Credit Card
1826,1215,1056,2024-08-31,Electronics,Cash
1827,1191,1753,2025-01-08,Home,Net Banking
1828,1456,3305,2024-11-13,Electronics,UPI
1829,1195,3312,2024-02-07,Electronics,UPI
1830,1229,1733,2023-11-11,Home,Credit Card
1831,1445,1234,2023-08-12,Home,Cash
1832,1469,2005,2024-10-06,Electronics,UPI
1833,1464,6068,2025-03-14,Books,Net Banking
1834,1193,350,2023-11-05,Books,Cash
1835,1192,1769,2025-01-03,Electronics,Credit Card
1836,1041,887,2025-05-25,Electronics,Net Banking
1837,1349,4651,2025-07-15,Books,Cash
1838,1493,3277,2023-08-12,Books,Credit Card
1839,1338,2694,2024-05-17,Grocery,Cash
1840,1447,1131,2024-05-08,Books,UPI
1841,1276,880,2024-02-03,Books,UPI
1842,1068,3274,2025-06-10,Clothing,Credit Card
1843,1334,2357,2025-07-16,Home,UPI
1844,1440,1179,2025-05-17,Grocery,Credit Card
1845,1178,2402,2023-10-21,Grocery,UPI
1846,1060,2051,2023-09-11,Electronics,Cash
1847,1091,4886,2024-09-17,Clothing,Cash
1848,1275,3528,2024-12-02,Home,Credit Card
1849,1201,2160,2023-10-04,Grocery,Net Banking
1850,1270,2882,2023-10-30,Books,Cash
1851,1065,3331,2024-03-02,Books,Cash
1852,1372,2501,2024-10-02,Books,Credit Card
1853,1114,656,2024-04-28,Home,Credit Card
1854,1427,5899,2023-10-05,Grocery,Net Banking
1855,1001,9664,2023-11-26,Home,Credit Card
1856,1387,5615,2025-06-28,Electronics,Net Banking
1857,1011,5052,2024-12-03,Electronics,Credit Card
1858,1152,1797,2023-11-16,Clothing,Cash
1859,1237,6783,2023-12-31,Electronics,Credit Card
1860,1344,3276,2025-03-26,Grocery,UPI
1861,1368,5161,2025-06-01,Grocery,Cash
1862,1278,2903,2023-11-16,Grocery,UPI
1863,1217,883,2023-12-15,Books,UPI
1864,1272,2217,2024-11-09,Books,Credit Card
1865,1194,4393,2024-03-20,Grocery,Credit Card
1866,1421,1814,2024-03-10,Electronics,UPI
1867,1117,2954,2024-07-11,Electronics,Cash
1868,1126,1784,2023-12-19,Clothing,Credit Card
1869,1235,1339,2025-02-20,Home,Cash
1870,1177,48,2025-03-02,Clothing,Credit Card
1871,1079,251,2024-09-08,Home,UPI
1872,1141,1072,2025-06-10,Electronics,UPI
1873,1096,1635,2024-03-22,Grocery,Credit Card
1874,1479,5423,2024-10-17,Books,UPI
1875,1448,1100,2024-07-01,Clothing,Credit Card
1876,1371,1063,2025-06-15,Clothing,Net Banking
1877,1391,8099,2024-12-07,Electronics,Credit Card
1878,1057,4890,2024-06-30,Home,Cash
1879,1016,14061,2023-11-14,Clothing,UPI
1880,1414,3920,2024-02-08,Home,Credit Card
1881,1338,1156,2025-04-06,Clothing,Credit Card
1882,1214,136,2024-10-01,Grocery,Credit Card
1883,1314,3155,2025-05-25,Electronics,Cash
1884,1392,7783,2024-11-14,Home,UPI
1885,1479,1365,2024-06-27,Electronics,Credit Card
1886,1452,3651,2024-08-30,Books,UPI
1887,1455,1040,2023-10-05,Electronics,Cash
1888,1008,1212,2024-01-08,Home,Net Banking
1889,1123,1944,2024-11-16,Home,Cash
1890,1105,5711,2025-04-03,Books,Net Banking
1891,1034,2612,2025-05-23,Books,Credit Card
1892,1051,3093,2024-09-12,Clothing,UPI
1893,1304,1571,2025-04-13,Home,Net Banking
1894,1017,2542,2025-01-24,Electronics,UPI
1895,1228,2583,2024-10-25,Books,Credit Card
1896,1306,3584,2024-07-07,Electronics,UPI
1897,1344,1689,2024-04-18,Books,Net Banking
1898,1360,2884,2025-04-07,Home,Credit Card
1899,1446,118,2024-01-15,Books,Credit Card
1900,1024,456,2025-05-28,Home,Net Banking
1901,1125,2527,2023-08-28,Books,UPI
1902,1379,765,2025-03-04,Clothing,Cash
1903,1022,3619,2024-10-10,Books,UPI
1904,1205,2152,2024-08-21,Clothing,Net Banking
1905,1224,2977,2024-09-21,Clothing,UPI
1906,1119,4683,2024-03-30,Electronics,Cash
1907,1276,2034,2025-07-15,Home,UPI
1908,1111,496,2024-02-16,Books,Credit Card
1909,1386,1160,2023-09-03,Books,UPI
1910,1442,4865,2024-10-25,Grocery,Credit Card
1911,1397,6704,2024-08-18,Books,Cash
1912,1028,1621,2025-02-13,Home,UPI
1913,1071,2471,2025-01-23,Home,Credit Card
1914,1257,382,2024-01-16,Books,Cash
1915,1148,3426,2025-02-18,Clothing,Credit Card
1916,1119,4481,2023-08-19,Grocery,Credit Card
1917,1417,1920,2024-10-09,Home,Credit Card
1918,1469,4225,2024-10-03,Grocery,UPI
1919,1374,4797,2024-06-24,Grocery,Credit Card
1920,1294,1818,2024-12-18,Home,Net Banking
1921,1163,776,2024-04-03,Clothing,Cash
1922,1295,3141,2025-05-09,Clothing,Cash
1923,1306,2506,2024-11-30,Home,UPI
1924,1395,1745,2025-01-09,Books,UPI
1925,1344,1282,2024-10-11,Books,UPI
1926,1419,4648,2024-10-18,Grocery,Net Banking
1927,1164,6839,2024-09-19,Books,Cash
1928,1121,2669,2023-11-11,Grocery,Cash
1929,1154,421,2023-10-23,Books,UPI
1930,1448,2953,2024-06-06,Clothing,UPI
1931,1073,2671,2024-10-09,Clothing,Credit Card
1932,1338,1765,2024-12-27,Clothing,UPI
1933,1266,1329,2025-02-16,Books,Cash
1934,1113,2448,2024-05-23,Grocery,Credit Card
1935,1211,3921,2025-02-08,Grocery,Net Banking
1936,1153,2000,2025-07-15,Clothing,Net Banking
1937,1140,1651,2024-10-15,Clothing,Cash
1938,1031,2306,2025-01-10,Books,Credit Card
1939,1285,3156,2024-12-14,Books,UPI
1940,1485,2759,2023-08-11,Grocery,UPI
1941,1302,2613,2025-04-19,Electronics,Credit Card
1942,1450,1411,2025-04-20,Grocery,Credit Card
1943,1376,4131,2024-01-12,Books,Net Banking
1944,1466,5587,2024-12-08,Home,UPI
1945,1089,2563,2024-10-23,Books,Cash
1946,1320,4407,2024-01-14,Books,UPI
1947,1347,3008,2025-05-17,Home,Net Banking
1948,1218,1025,2025-03-30,Books,Credit Card
1949,1284,3968,2025-04-12,Grocery,UPI
1950,1253,2476,2024-11-07,Home,Credit Card
1951,1024,4249,2024-04-09,Electronics,UPI
1952,1497,6860,2024-07-12,Books,Cash
1953,1176,1921,2024-09-29,Electronics,Cash
1954,1482,1088,2025-05-20,Electronics,UPI
1955,1329,1440,2024-09-15,Home,UPI
1956,1343,3878,2023-08-20,Clothing,Credit Card
1957,1195,3821,2024-06-05,Electronics,Credit Card
1958,1402,4026,2024-07-20,Electronics,Net Banking
1959,1268,1902,2023-12-04,Clothing,Net Banking
1960,1163,2776,2023-09-24,Grocery,UPI
1961,1356,2579,2023-11-18,Clothing,Cash
1962,1213,6426,2024-04-21,Grocery,Net Banking
1963,1209,1733,2024-07-29,Grocery,Net Banking
1964,1076,1567,2024-08-29,Clothing,Cash
1965,1153,1764,2025-04-28,Electronics,Credit Card
1966,1192,5159,2024-03-06,Grocery,Credit Card
1967,1094,4385,2024-01-29,Clothing,Credit Card
1968,1386,843,2024-10-31,Books,UPI
1969,1275,801,2024-05-30,Electronics,UPI
1970,1242,3404,2023-09-29,Grocery,Credit Card
1971,1123,2424,2024-06-28,Home,Cash
1972,1434,408,2024-07-13,Electronics,Credit Card
1973,1115,852,2025-01-18,Books,Credit Card
1974,1153,2517,2024-01-30,Books,UPI
1975,1439,11409,2024-09-14,Clothing,Cash
1976,1362,3982,2024-12-15,Books,Net Banking
1977,1073,1152,2025-01-06,Home,Cash
1978,1412,6324,2024-05-12,Clothing,UPI
1979,1237,1028,2023-11-22,Books,Net Banking
1980,1468,1573,2023-10-04,Grocery,UPI
1981,1029,6197,2024-07-20,Electronics,Credit Card
1982,1287,1021,2025-03-07,Home,Net Banking
1983,1211,6877,2024-11-17,Home,UPI
1984,1495,284,2024-07-15,Home,Credit Card
1985,1213,3500,2023-11-12,Grocery,UPI
1986,1285,2964,2024-10-31,Books,Cash
1987,1271,4954,2024-04-01,Electronics,UPI
1988,1068,2863,2024-08-30,Electronics,Cash
1989,1198,3025,2024-02-20,Grocery,UPI
1990,1124,1478,2024-10-11,Clothing,Credit Card
1991,1130,2083,2023-11-22,Books,Cash
1992,1104,6449,2025-01-16,Home,Cash
1993,1169,3442,2024-08-12,Clothing,Credit Card
1994,1331,3903,2024-09-30,Grocery,Cash
1995,1040,3046,2023-08-06,Books,UPI
1996,1472,2210,2024-09-17,Books,UPI
1997,1230,435,2024-01-23,Books,Cash
1998,1433,5717,2023-09-16,Clothing,UPI
1999,1189,4181,2025-02-09,Clothing,Cash
2000,1047,2620,2023-09-11,Grocery,Net Banking
1660,1207,1709,2024-01-28,Home,Credit Card
1462,1346,3253,2025-02-25,Books,Credit Card
654,1414,2647,2023-08-16,Electronics,UPI
611,1378,2316,2025-02-09,Home,Net Banking
158,1242,3570,2025-07-14,Books,UPI
50,1403,832,2024-12-17,Clothing,Credit Card
372,1470,1794,2025-03-26,Books,UPI
732,1332,1138,2024-06-23,Home,Cash
1619,1054,6119,2024-04-14,Clothing,Credit Card
34,1141,366,2025-02-12,Grocery,Credit Card
1803,1023,3394,2024-08-08,Clothing,UPI
1093,1064,3798,2024-07-08,Books,Net Banking
58,1064,2193,2024-01-30,Grocery,Net Banking
1576,1164,1663,2024-12-07,Home,Cash
1686,1370,2387,2024-01-16,Home,UPI
1976,1362,3982,2024-12-15,Books,Net Banking
16,1105,1728,2024-11-07,Grocery,Net Banking
399,1099,2709,2023-11-17,Home,Credit Card
892,1063,2121,2023-08-08,Books,Cash
1247,1443,3121,2024-01-08,Electronics,UPI
1453,1160,10026,2023-12-01,Clothing,Net Banking
392,1086,1710,2024-10-15,Grocery,UPI
612,1452,1645,2025-07-21,Clothing,Cash
658,1427,3146,2025-03-11,Electronics,Net Banking
405,1490,4965,2023-10-08,Grocery,Net Banking
840,1022,6119,2024-12-14,Grocery,Cash
153,1191,3527,2025-02-21,Electronics,UPI
1141,1489,1557,2025-07-21,Grocery,Net Banking
1413,1194,6089,2024-12-07,Clothing,Cash
1606,1095,2970,2024-09-09,Clothing,Cash
933,1308,5502,2024-02-29,Grocery,Credit Card
1282,1451,2822,2024-12-01,Electronics,UPI
978,1185,845,2023-10-09,Books,Credit Card
1144,1064,5717,2025-06-07,Clothing,UPI
1480,1482,802,2025-01-22,Books,Cash
397,1271,3317,2024-11-02,Home,Cash
243,1003,2545,2024-01-16,Electronics,Net Banking
864,1103,999,2025-02-04,Electronics,Credit Card
1662,1218,667,2024-09-05,Home,Net Banking
1318,1319,1854,2025-02-11,Electronics,Cash
430,1389,5785,2023-08-11,Home,UPI
775,1318,4539,2023-12-08,Books,Credit Card
1483,1394,715,2025-03-24,Books,UPI
140,1211,1664,2025-07-02,Home,Credit Card
238,1390,4600,2024-04-16,Books,Net Banking
221,1419,4552,2023-11-26,Home,UPI
224,1345,4107,2024-07-21,Electronics,Credit Card
1049,1435,2762,2024-08-31,Books,Cash
883,1146,3656,2025-03-23,Home,UPI
369,1235,1242,2025-05-07,Books,Net Banking
563,1362,2155,2025-02-12,Books,Credit Card
962,1081,2063,2025-06-28,Electronics,Cash
661,1347,423,2024-01-13,Clothing,Credit Card
1456,1235,2802,2023-12-24,Books,UPI
1116,1466,3478,2024-12-31,Grocery,UPI
162,1043,4333,2024-01-03,Electronics,Net Banking
1541,1124,1485,2024-11-02,Grocery,Credit Card
1321,1060,3233,2024-01-24,Home,Net Banking
98,1465,4208,2024-04-06,Books,Credit Card
1018,1109,6784,2025-06-17,Grocery,UPI
1173,1485,2529,2024-10-31,Electronics,Cash
478,1283,1376,2024-05-10,Home,Cash
1928,1121,2669,2023-11-11,Grocery,Cash
691,1433,3229,2024-10-27,Grocery,Cash
215,1413,2061,2025-07-01,Electronics,UPI
319,1391,3951,2025-02-11,Clothing,Credit Card
972,1064,6188,2024-01-07,Grocery,Net Banking
527,1026,2227,2024-07-13,Books,UPI
1529,1275,4925,2024-05-08,Grocery,Cash
212,1142,2247,2023-11-27,Books,UPI
361,1207,1361,2024-10-01,Home,Cash
1735,1340,3373,2024-11-27,Grocery,Credit Card
1011,1287,1232,2025-06-29,Home,Net Banking
1264,1157,2412,2023-09-22,Grocery,Credit Card
733,1171,5689,2025-06-02,Books,Net Banking
1053,1474,7733,2025-05-16,Books,Credit Card
1359,1201,1059,2025-01-31,Home,Cash
1549,1026,3626,2024-04-11,Electronics,Net Banking
667,1144,6199,2024-02-24,Electronics,UPI
1276,1180,4354,2024-06-03,Home,Net Banking
1959,1268,1902,2023-12-04,Clothing,Net Banking
1817,1209,2847,2023-10-02,Electronics,Net Banking
283,1139,6855,2024-07-23,Clothing,UPI
424,1395,900,2025-04-10,Clothing,Credit Card
711,1230,3299,2023-08-10,Clothing,Cash
398,1261,3770,2023-10-11,Grocery,Net Banking
683,1328,5697,2024-07-26,Clothing,Credit Card
944,1466,512,2024-12-23,Clothing,Net Banking
276,1079,1929,2025-06-26,Electronics,Credit Card
515,1312,3399,2024-10-08,Electronics,Cash
156,1351,922,2023-08-16,Clothing,Net Banking
190,1026,369,2024-12-30,Home,Net Banking
1793,1370,2134,2025-02-06,Home,Credit Card
1723,1232,3574,2024-08-07,Clothing,Cash
526,1306,555,2025-02-09,Home,Net Banking
690,1364,1663,2025-05-10,Home,UPI
773,1327,2745,2024-10-14,Clothing,Credit Card
1919,1374,4797,2024-06-24,Grocery,Credit Card
1265,1254,4015,2023-09-28,Electronics,UPI
1398,1397,1661,2024-04-14,Home,Credit Card
